categories/folders,Item Code,pic File name,Description,"oz., lb., gram, kg",Pieces Per Case,Price,Price Per Piece,Kashrut
Beans_Seeds_Spices,BAY01,BAY01.jpg,Bay Leaves 100 Packs,1 pack,100,95.00,$0.95,
Beans_Seeds_Spices,BAY02,BAY02.jpg,Bay Leaves Box 44 Lbs,44 lb,44,0.00,$0.00,
Beans_Seeds_Spices,PEP,PEP01.jpg,Black #30 Granulated Medium Pepper 50lb,,50,375.00,$7.50,
Beans_Seeds_Spices,PEP011,PEP01.jpg,Black Ground (Coarse) Pepper 5lb,,5,37.50,$7.50,
Beans_Seeds_Spices,SPI041,SPI041.jpg,Black Ground Pepper [Tin] 24/4oz (blue),,24,56.00,$2.33,
Beans_Seeds_Spices,PEP01,PEP01.jpg,Black Grounded Pepper 5lb,,5,37.50,$7.50,
Beans_Seeds_Spices,BEAN013,BEAN013.jpg,Blackeye Bean 55 lb,55 lb,55,60.50,$1.10,
Beans_Seeds_Spices,BEAN02,BEAN013.jpg,Blackeye Beans 30/12 oz,12 oz,30,49.50,$1.65,
Beans_Seeds_Spices,CARD01,CARD01.jpg,Cardamom pwd 5LB,5 lb,5,50.00,$10.00,
Beans_Seeds_Spices,CARD02,CARD02.jpg,Cardamon Seeds Decordicated (Shell removed) 55lb,55 lb,55,357.50,$6.50,
Beans_Seeds_Spices,CHIV01,CHIV01.jpg,Chives 22 lb,22 lb,22,297.62,$13.53,
Beans_Seeds_Spices,COR03,COR03.jpg,Coriander Ground 30/4 oz,4 oz,30,40.50,$1.35,
Beans_Seeds_Spices,COR00,COR00.jpg,Coriander Seed 30/4 oz,4 oz,30,40.50,$1.35,
Beans_Seeds_Spices,COR01,COR00.jpg,Coriander Seed 5 lb,5 lb,5,15.00,$3.00,
Beans_Seeds_Spices,COR011,COR00.jpg,Coriander Seed 55lb,55 lb,55,178.75,$3.25,
Beans_Seeds_Spices,CUMIN2,CUMIN0.jpg,Cumin Ground 30/4 oz,4 oz,30,25.50,$0.85,
Beans_Seeds_Spices,CUMIN0,CUMIN0.jpg,Cumin Ground 5lb,5 lb,5,20.00,$4.00,
Beans_Seeds_Spices,CUMIN1,CUMIN.jpg,Cumin Seed 30/4 oz,4 oz,30,43.50,$1.45,
Beans_Seeds_Spices,CUMIN001,CUMIN.jpg,Cumin Seed 55lb,55 lb,55,178.75,$3.25,
Beans_Seeds_Spices,CUMIN,CUMIN.jpg,Cumin Seed 5lb,5 lb,5,15.00,$3.00,
Beans_Seeds_Spices,CHIC013,CHIC013.jpg,Double Roasted  Chickpeas  28lb,28 lb,28,52.00,$1.86,
Beans_Seeds_Spices,LEM51,LEM51.jpg,Dried Black Lemon 44 lb,bag,44,165.00,$3.75,
Beans_Seeds_Spices,LEMON1,LEMON.png,Dried White Lemon 22lb,bag,22,80.00,$3.64,
Beans_Seeds_Spices,LEMON,LEMON.png,Dried White Lemon 5kg,bag,5,77.00,$15.40,
Beans_Seeds_Spices,SPI06,SPI06.jpg,Garlic Powder 12/4.25oz,,12,9.00,$0.75,
Beans_Seeds_Spices,SPI03,SPI03.jpg,Garlic Powder Shipper 108/12 oz Jar,,108,81.00,$0.75,
Beans_Seeds_Spices,BAY10,BAY02.jpg,Golchin Laurel (Bay) Leaves 12/1 oz,1 oz,12,9.00,$0.75,
Beans_Seeds_Spices,BEAN031,BEAN03.jpg,Golchin White Bean 30/12 oz,12 oz,30,50.00,$1.67,
Beans_Seeds_Spices,PEP02,PEP01.jpg,Ground Black Pepper 30/4oz,,30,46.50,$1.55,
Beans_Seeds_Spices,TUR03,TUR03.jpg,Ground Turmeric 1 lb,1 lb,30,114.00,$3.80,
Beans_Seeds_Spices,DILL,DILL.jpg,Israeli Dry Dill /30lb,30 lb,30,189.00,$6.30,
Beans_Seeds_Spices,DILL01,DILL.jpg,Israeli Dry Dill /33lb,33 lb,33,297.00,$9.00,
Beans_Seeds_Spices,PARSLEY,,Israeli Dry Parsley /14lb,,14,95.90,$6.85,
Beans_Seeds_Spices,SUNF0003,SUNF0003.jpg,Israeli Sunflower Seeds RST & UNS 28lb,,28,66.00,$2.36,
Beans_Seeds_Spices,MUNG01,MUNG.jpg,Mung Beans 30/12oz,12 oz,30,54.00,$1.80,
Beans_Seeds_Spices,MUNG,MUNG.jpg,Mung Beans 55 lb,bag,55,79.75,$1.45,
Beans_Seeds_Spices,PAP021,PAP02.jpg,Paprika (hot) 50 LB,bag,50,0.00,$0.00,
Beans_Seeds_Spices,PAP02,PAP02.jpg,Paprika (sweet) 55LB,bag,55,165.00,$3.00,
Beans_Seeds_Spices,PAP12,PAP02.jpg,Paprika 1lb,,1,4.00,$4.00,
Beans_Seeds_Spices,PAP11,PAP02.jpg,Paprika 30/4 oz,4 oz,30,45.00,$1.50,
Beans_Seeds_Spices,SPI04,,Paprika Plast. 12/4.25oz,,12,11.40,$0.95,
Beans_Seeds_Spices,PUMP0203,PUMP02.jpg,Pumpkin Seed R/NS 20Lbs,,20,49.90,$2.50,
Beans_Seeds_Spices,PUMP0201,PUMP02.jpg,Pumpkin Seed R/UNS 20lb,,20,67.00,$3.35,
Beans_Seeds_Spices,PUMP021,PUMP02.jpg,Pumpkin Seeds  Roasted Unsalted  15.4 lb,,15.4,40.00,$2.60,
Beans_Seeds_Spices,PUMP02,PUMP02.jpg,Pumpkin Seeds R/S 20lb,,20,65.00,$3.25,
Beans_Seeds_Spices,CHIC08,CHIC08.jpg,Raw Chick Peas 30/12oz,12 oz,30,46.50,$1.55,
Beans_Seeds_Spices,CHIC02,CHIC02.jpg,Raw Chick peas Large  Mexico 55 lb,55 lb,55,60.50,$1.10,
Beans_Seeds_Spices,BEAN05,BEAN05.jpg,Red beans 30/12oz,12 oz,30,45.00,$1.50,
Beans_Seeds_Spices,PEP04,PEP04.jpg,Red Grounded Pepper 1lb,,30,114.00,$3.80,
Beans_Seeds_Spices,PEP05,PEP04.jpg,Red Grounded Pepper 30/4 oz,,30,40.50,$1.35,
Beans_Seeds_Spices,CHIC010,CHIC010.jpg,Roasted White Chickpeas (with skin) /UNS 22.05,1 box,22.05,38.60,$1.75,
Beans_Seeds_Spices,CHIC012,CHIC012.png,Roasted White Chickpeas (with skin) /UNS 28lb,28 lb,28,49.00,$1.75,
Beans_Seeds_Spices,CHIC0121,CHIC0121.jpg,Roasted Yellow Chickpeas /UNS 28lb,28 lb,28,49.00,$1.75,
Beans_Seeds_Spices,CHIC01,CHIC01.jpg,Roasted Yellow Chickpeas/UNS 22.05,1 box,22.05,38.60,$1.75,
Beans_Seeds_Spices,CHIC011,CHIC01.jpg,Roasted Yellow Chickpeas/UNS 25lb,25 lb,25,43.75,$1.75,
Beans_Seeds_Spices,PUMP04,PUMP02.jpg,Shelled (Papita)  Raw Pumpkin Seeds 27.5lb,,27.5,103.00,$3.75,
Beans_Seeds_Spices,PUMP04I,PUMP02.jpg,Shelled (Papita) Raw Pumpkin Seeds 55lb,,55,137.50,$2.50,
Beans_Seeds_Spices,SUNF011,SUNF011.jpg,Shelled Sunflower Roasted & Unsalted 10lb,,10,20.00,$2.00,
Beans_Seeds_Spices,SPI02,,"Spice Shipper #1 12 X 6 (Gar,Oni,Gar+Salt,Papr,Chic.,Salt Seas)=72 PCS/12oz",,72,54.00,$0.75,
Beans_Seeds_Spices,TUR02,TUR02.jpg,Turmeric 30/4 oz,4 oz,30,40.50,$1.35,
Beans_Seeds_Spices,BEAN03,BEAN03.jpg,White Bean 30/12 oz,12 oz,30,40.50,$1.35,
Beans_Seeds_Spices,BEAN06,BEAN03.jpg,White beans 30/12oz,12 oz,30,45.00,$1.50,
Candles_Household Items,CANDLE995,CANDLE995.jpg,Floating Wicks 5/24 boxes(50 wicks / box),,5,60.00,$12.00,
Candles_Household Items,CANDLE994,CANDLE994.jpg,Glasses For Nerio.Cand.24/2pc Glass,,24,22.80,$0.95,
Candles_Household Items,CANDLE991,CANDLE99.jpg,Havdolah Candle Flat /12 per case (Menora),,12,20.00,$1.67,
Candles_Household Items,CANDLE99,CANDLE99.jpg,Havdolah Candle Round 12 per case (Menora),,12,20.00,$1.67,
Candles_Household Items,CANDLE992,CANDLE992.jpg,Havdolah Candles Bees Wax /12 per case (Menora),,12,24.00,$2.00,
Candles_Household Items,CANDLE961,CANDLE95.jpg,Memorial 26 hrs Candles in Glass /2 x 24 =48 (Menora),,48,24.00,$0.50,
Candles_Household Items,CANDLE96,CANDLE95.jpg,Memorial 26 hrs Candles in Glass /24 (Menora),,24,13.20,$0.55,
Candles_Household Items,CANDLE95,CANDLE95.jpg,Memorial 7 days Candles in Glass /12 (Menora),,12,36.00,$3.00,
Candles_Household Items,CANDLE951,,Memorial 7 days Candles in Plastic /12 (Menora),,12,33.00,$2.75,
Candles_Household Items,CANDLE94,CANDLE94.jpg,Memorial Candle Tins /48 tins (Menora),,48,19.00,$0.40,
Candles_Household Items,CANDLE993,CANDLE993.jpg,Neriot Candles 4 Hours 12/72pc Carton,,12,36.00,$3.00,
Candles_Household Items,CANDLE981,CANDLE97.png,Shabbat Cand.Reg 12/72pcs Rakish,,12,51.00,$4.25,
Candles_Household Items,CANDLE98,CANDLE98.jpg,Shabbat Candle Reg. 72pcs /8 (Menora),,8,37.00,$4.63,
Candles_Household Items,CANDLE97,CANDLE97.png,Shabbat Candles Box 24/12 candl (Menora),,24,24.00,$1.00,
Candles_Household Items,TPOT02,TPOT02.JPG,Tea Pot Blue GMI /36,,36,108.00,$3.00,
Candles_Household Items,TPOT01,TPOT01.jpg,Tea Pot Rose Flower #1 /24,,24,84.00,$3.50,
Candles_Household Items,CANDLE92,CANDLE92.png,Tea-Lights 100pcs in bag/6 bags (Menora),100 pcs,6,36.00,$6.00,
Candles_Household Items,CANDLE90,CANDLE90.jpg,Tea-Lights 10pcs in box/60 boxes (Menora),10 pcs,60,36.00,$0.60,
Candles_Household Items,CANDLE91,CANDLE91.png,Tea-Lights 50pcs in bag/10 bags (Menora),50 pcs,10,34.00,$3.40,
Candles_Household Items,SPON01,SPON01.jpg,Titex Israeli Sponges /12 pcs,,12,30.00,$2.50,
Candy,CAND30,salesman catalog PICS,Crystal Fruits Matlow 6bg/6lb,6 lbs,6,93.60,$15.60,
Candy,CAND32,salesman catalog PICS,Crystal Lemon Matlow 6bg/6lb,6 lbs,6,93.60,$15.60,
Candy,CAND31,salesman catalog PICS,Crystal Mints Matlow 6bg/6lb,6 lbs,6,93.60,$15.60,
Candy,JELL01,,Jelly Fruit Slice Half Moon24/8oz-kfp,,24,52.00,$2.17,
Candy,MARSH01,MARSH01.jpg,Marshmallow Fluff 12/ 7.5 oz,,12,12.50,$1.04,
Candy,MARSH010,MARSH010.jpg,Marshmallow Fluff 12/16 oz,,12,23.00,$1.92,
Candy,MARSH021,MARSH021.jpg,Raspberry Fluff 12/ 7.5 oz,,12,12.50,$1.04,
Candy,NABAT011,NABAT041.jpg,Rock (3220) Stick Assorted Wrapped Swiz 72 CT,,72,45.00,$0.63,
Candy,NABAT001,NABAT001.jpg,Rock Candy (1200)Strings White 6/5 lb,,6,135.00,$22.50,
Candy,NABAT0,Rock Candy (1210)String  Assorted  6/5 lb.jpg,Rock Candy (1210)String  Assorted  6/5 lb,,6,135.00,$22.50,
Candy,NABAT06,NABAT06.jpg,Rock Candy (2330) Crystal Amber in bulk 25 lb,,25,74.00,$2.96,
Candy,NABAT07,NABAT07.jpg,Rock Candy (3310) Crystal Amber Swiz 4/72,,4,84.00,$21.00,
Candy,NABAT041,NABAT041.jpg,Rock Candy 4220 on Sticks Assorted Wrapped 120 sticks,,120,62.40,$0.52,
Candy,NABAT04,Rock Candy on Sticks Assorted 120 sticks.jpg,Rock Candy on Sticks Assorted 120 sticks,,120,54.00,$0.45,
Candy,NABAT05,NABAT041.jpg,Rock Candy on Sticks AssortedBlue Raspberry 120 stick,,120,54.00,$0.45,
Candy,ROCK02,,Rock Candy Pieces Yellow 44 lb,,44,55.00,$1.25,
Candy,NABAT01,NABAT01.jpeg,Rock Stick White Wrapped 72 CT,,72,42.00,$0.58,
Candy,MARSH02,MARSH02.jpg,Strawberry Fluff 12/ 7.5 oz,,12,12.50,$1.04,
Candy,NABAT02,NABAT041.jpg,Swizzle Candy (3210)Sticks Assorted 4/72 sticks,,4,92.00,$23.00,
Candy,NABAT03,NABAT01.jpeg,Swizzle(3110 ) Sticks White 4/72 sticks,,4,85.00,$21.25,
Cheese,CHEE06,CHEE06.jpg,Keshta Dairyland Danish Cream 48/6oz,6 oz,48,74.00,$1.54,
Coffee,COFF004,COFF004.jpg,Aladin Turkish Coffee-bags 24/200 gr,200 grm,24,120.00,$5.00,
Coffee,COFF0021,COFF0021.jpg,Elite Israeli Instant Coffee 12/7 oz,7 oz,12,78.00,$6.50,
Coffee,COFF10,COFF10.jpg,Elite Turkish Coffee 50/100 gr(red),100 gr,50,128.00,$2.56,
Coffee,COFF3,COFF3.jpg,Elite Turkish Coffee Tins 24/7 oz,7 oz,24,120.00,$5.00,
Coffee,COFF2,COFF2.jpg,Elite Turkish Coffee with Cardamon 50/100 gram (green),100 gr,50,128.00,$2.56,
Coffee,COFF96,COFF96.jpg,JACOBS Instant Coffee 6/100gr (Cronat Gold),100 grm,6,22.50,$3.75,
Coffee,COFF961,COFF961.jpg,JACOBS Instant Coffee 6/100gr (Cronat Green),100 grm,6,25.50,$4.25,
Coffee,COFF95,COFF95.jpg,JACOBS Instant Coffee 6/200gr (Cronat Gold),200 grm,6,44.00,$7.33,
Coffee,COFF951,COFF951.jpg,JACOBS Instant Coffee 6/200gr (Cronat Green),200 grm,6,48.00,$8.00,
Coffee,COFF71,COFF71.jpg,Nescafe Instant Coffee 6/200gm,200 grm,6,52.00,$8.67,
Coffee,CHO04,,Nesquik Choc. Drink Mix 6/16oz-KFP,16 oz,6,27.00,$4.50,
Coffee,COFF511,COFF511.jpg,Platinum Coffee (NEW STYLE) 6/7.05 oz,7.05 oz,6,63.00,$10.50,
Coffee,COFF90,COFF90.jpg,Venizelos Coffee 24/16oz,16 oz,24,132.00,$5.50,
Cookies_Crackers_Halva_Crunches_Wafer_Chocolate,HALV23,,Achva  Halva 7 Layers CH/Coated 4/3KG,3 kg,12,71.40,$5.95,
Cookies_Crackers_Halva_Crunches_Wafer_Chocolate,HALV11,HALV11.jpeg,Achva Marble Halva 12/16oz,16 oz,24,36.00,$1.50,
Cookies_Crackers_Halva_Crunches_Wafer_Chocolate,HALV10,HALV10.jpeg,Achva Vanilla Halva 12/16oz,16 oz,12,36.00,$3.00,
Cookies_Crackers_Halva_Crunches_Wafer_Chocolate,CRUN08,CRUN08.jpg,Almond Honey Crunch 24/3 oz,3 oz,24,47.00,$1.96,
Cookies_Crackers_Halva_Crunches_Wafer_Chocolate,KIM04,KIM04.jpg,Barth's Kimmel Crackers 24/ 170gr,,24,41.00,$1.71,
Cookies_Crackers_Halva_Crunches_Wafer_Chocolate,COOK60,COOK60.bmp,Cabrioni Italian Cacao Assorted Cookie Bag  8/650gr,650 grm,8,34.00,$4.25,
Cookies_Crackers_Halva_Crunches_Wafer_Chocolate,COOK52,COOK52.jpg,Campiello Italian Cholesterol Free Cookies 12x350G,350 grm,12,24.00,$2.00,
Cookies_Crackers_Halva_Crunches_Wafer_Chocolate,COOK50,COOK50.jpg,Campiello Italian Sugar Free Cookies 12x350G,350 grm,12,24.00,$2.00,
Cookies_Crackers_Halva_Crunches_Wafer_Chocolate,COOK70,COOK70.bmp,Delice Italian Assorted Cookies 12/400gr,400 grm,12,36.00,$3.00,
Cookies_Crackers_Halva_Crunches_Wafer_Chocolate,COOK40,,Elit Crescent Cookies 12/25 gr,25 grm,12,6.00,$0.50,
Cookies_Crackers_Halva_Crunches_Wafer_Chocolate,ELIT037,,Elite  (S/F)Sugarless Bittersweet Choc. Bar 12/3oz,3 oz,12,24.00,$2.00,
Cookies_Crackers_Halva_Crunches_Wafer_Chocolate,ELIT034,ELIT034.jpg,Elite Bittersweet Chocolate Bar 12/3oz,3 oz,12,18.00,$1.50,
Cookies_Crackers_Halva_Crunches_Wafer_Chocolate,ELIT035,ELIT034.jpg,Elite Bittersweet Chocolate Bar 24/3oz,3 oz,24,30.00,$1.25,
Cookies_Crackers_Halva_Crunches_Wafer_Chocolate,ELIT016,ELIT016.jpg,Elite Chocolate coins Bittersweet 24 bags,24 bags,24,8.00,$0.33,
Cookies_Crackers_Halva_Crunches_Wafer_Chocolate,ELIT017,ELIT017.jpg,Elite Chocolate coins Milk 24 bags,24 bags,24,8.00,$0.33,
Cookies_Crackers_Halva_Crunches_Wafer_Chocolate,ELIT015,,Elite Chocolate Lentils 24/100 gr,100 grm,24,15.00,$0.63,
Cookies_Crackers_Halva_Crunches_Wafer_Chocolate,ELCW,ELCW.jpg,Elite Chocolate Wafer 20/10.6oz,10.6 oz,20,30.00,$1.50,
Cookies_Crackers_Halva_Crunches_Wafer_Chocolate,WAF05,WAF05.jpg,Elite Chocolate Wafers 20/300gr,,20,1.60,$0.08,
Cookies_Crackers_Halva_Crunches_Wafer_Chocolate,WAF04,WAF04.jpg,Elite Chocolate Wafers 20/500gr,,20,47.00,$2.35,
Cookies_Crackers_Halva_Crunches_Wafer_Chocolate,WAF03,WAF03.jpg,Elite Chocolate Wafers 24/250gr,,24,30.00,$1.25,
Cookies_Crackers_Halva_Crunches_Wafer_Chocolate,ELIT62,,Elite Fruit Toffee (Fruit Chews) 10/3lb,3 lb,10,46.50,$4.65,
Cookies_Crackers_Halva_Crunches_Wafer_Chocolate,HALV30,,Elite Halva- Vanilla sugarless 12/400gr,400 grm,24,33.00,$1.38,
Cookies_Crackers_Halva_Crunches_Wafer_Chocolate,ELIT033,ELIT033.jpg,Elite Milk Chocolate Bar 12/3oz,3 oz,12,18.00,$1.50,
Cookies_Crackers_Halva_Crunches_Wafer_Chocolate,ELIT0331,ELIT033.jpg,Elite Milk Chocolate Bar 24/3oz,3 oz,24,30.00,$1.25,
Cookies_Crackers_Halva_Crunches_Wafer_Chocolate,ELVW,,Elite Vanilla Wafer 20/10.6oz,10.6 oz,20,30.00,$1.50,
Cookies_Crackers_Halva_Crunches_Wafer_Chocolate,WAF06,WAF06.jpg,Elite Vanilla Wafers 20/300gr,,20,32.00,$1.60,
Cookies_Crackers_Halva_Crunches_Wafer_Chocolate,CRUN04,CRUN04.jpg,Honey Nut Crunch Mix 24/3oz,3 oz,24,22.00,$0.92,
Cookies_Crackers_Halva_Crunches_Wafer_Chocolate,WAF142,WAF142.jpg,Lior Choc Coated Waf 12/400gr,,12,27.00,$2.25,
Cookies_Crackers_Halva_Crunches_Wafer_Chocolate,WAF141,WAF141.jpg,Manamim Choc Coated Waf 12/400gr,,12,27.00,$2.25,
Cookies_Crackers_Halva_Crunches_Wafer_Chocolate,WAF21,WAF21.jpg,Neapolitans 18/320 gr,,18,44.00,$2.44,
Cookies_Crackers_Halva_Crunches_Wafer_Chocolate,WAF19,WAF19.jpg,Osem Chocolate Wafers 12/8.8 oz(250gr),,12,19.00,$1.58,
Cookies_Crackers_Halva_Crunches_Wafer_Chocolate,CRAC021,,Osem Petit Beurre Crackers 12/8.8oz,8.8 oz,12,17.40,$1.45,
Cookies_Crackers_Halva_Crunches_Wafer_Chocolate,CRAC011,CRAC011.jpg,Osem Sesame Crackers 12/8.8oz,8.8 oz,12,33.00,$2.75,
Cookies_Crackers_Halva_Crunches_Wafer_Chocolate,CRAC020,,Osem Sunny Wheat Crackers whole grain 12/6.7oz,6.7 oz,12,33.00,$2.75,
Cookies_Crackers_Halva_Crunches_Wafer_Chocolate,WAF18,WAF18.jpg,Osem Vanilla Wafers 12/8.8 oz(250gr)(Blue),,12,19.00,$1.58,
Cookies_Crackers_Halva_Crunches_Wafer_Chocolate,CRUN07,CRUN07.jpg,Peanut Honey Crunch 24/3 oz,3 oz,24,22.00,$0.92,
Cookies_Crackers_Halva_Crunches_Wafer_Chocolate,CRUN06,CRUN06.jpg,Sesame Honey Crunch 24/3 oz,3 oz,24,22.00,$0.92,
Dried_Fruits,ALU01,ALU01.jpg,Alu Buchara (yellow prunes) 26.4lb,4 lb,26.4,173.25,$6.56,
Dried_Fruits,ALU03,ALU01.jpg,Alu Buchara 30lb,30 lb,30,150.00,$5.00,
Dried_Fruits,ALU02,ALU01.jpg,Alu Buchara 44lb,44 lb,44,308.00,$7.00,
Dried_Fruits,APPL01,APPL01.jpg,Apple Rings 44 lb,44 lb,44,129.00,$2.93,
Dried_Fruits,BAN00,,Banana Chips 14 lb,14 lb,14,0.00,$0.00,
Dried_Fruits,RAI1,PRINIV Strawberry Banana 12/1.5 lt.jpg,Black Chilean Jumbo Raisin DFV 30lb,,30,45.00,$1.50,
Dried_Fruits,RAI100,RAI100.jpg,Black Chilean Jumbo Raisin SANTIS 30lb,,30,59.70,$1.99,
Dried_Fruits,DATE0003,DATE00041.jpg,CA Madjhoul MEDIUM Dates 11 lb,11 lb,11,38.50,$3.50,
Dried_Fruits,RAI10,Raw Chick peas Large Mexico 55 lb.jpg,Currants (black small raisin)/30lb,,30,69.00,$2.30,
Dried_Fruits,PRUN0001,PRUN0001.jpg,Dried  GOLDEN Yellow Prunes 22lb,,22,143.00,$6.50,
Dried_Fruits,PRUN0002,PRUN0001.jpg,Dried  GOLDEN Yellow Prunes 28lb,,28,154.00,$5.50,
Dried_Fruits,CRAN0001,CRAN0001.jpg,Dried Cranberries 25 lb,25 lb,25,52.50,$2.10,
Dried_Fruits,PRUN02,,Dried Red Prunes 25 lb-(Angelina),,25,115.00,$4.60,
Dried_Fruits,GIN02,,Ginger Crystalized 44 LB,44 lb,44,118.80,$2.70,
Dried_Fruits,RAI01,RAI01.jpg,Golden Jumbo Raisin 30lb,,30,75.00,$2.50,
Dried_Fruits,Prun00011,PRUN0001.jpg,Golden Plums 30/8oz,,30,120.00,$4.00,
Dried_Fruits,RAI02,RAI01.jpg,Golden Raisin 30lb - (South African),,30,67.50,$2.25,
Dried_Fruits,RAI11,RAI11.jpeg,Green Iranian Raisin 22 LB,,22,121.00,$5.50,
Dried_Fruits,RAI12,RAI11.jpeg,Green Raisin 27.5 lb,,27.5,110.00,$4.00,
Dried_Fruits,APR0011,APRICOT.jpg,Imported Apricot Unpitted 28lb,28 lb,28,172.50,$6.16,
Dried_Fruits,APR00,APRICOT.jpg,Imported Dried Apricot Unpitted 22.05 lb,0.5 lb,22.05,150.00,$6.80,
Dried_Fruits,APR001,APRICOT.jpg,Imported Dried Apricot Unpitted 25lb,25 lb ,25,165.00,$6.60,
Dried_Fruits,APR02,APRICOT.jpg,Imported Dry Apricot Unpitted / 22.05lb,0.5 lb,22.05,144.00,$6.53,
Dried_Fruits,apr00111,APRICOT.jpg,Impoted Apricots with Pit 30/8 oz,8 lb,30,120.00,$4.00,
Dried_Fruits,FIGS01,,Iranian Shirazi Figs 22 lb,22 lb,22,165.00,$7.50,
Dried_Fruits,PEAR01,,Jumbo California Pears 25lb,,25,77.50,$3.10,
Dried_Fruits,PRUNES0,PRUN0001.jpg,Jumbo Pitted Prunes 10-20  / 22.05lb,,22.05,77.00,$3.49,
Dried_Fruits,PRUNES04,PRUN0001.jpg,Jumbo Prunes Unpitted 22.05lb,,22.05,77.00,$3.49,
Dried_Fruits,KIW011,KIW011.jpg,Kiwi Dried 44lb,,44,132.00,$3.00,
Dried_Fruits,DATE011,DATE011.jpg,Lior Medjool Dates 16/400 gr,400 grm,16,79.20,$4.95,
Dried_Fruits,DATE02,DATE011.jpg,Lior Medjul Premi Dates 12/2 lb,2 lb,12,165.60,$13.80,
Dried_Fruits,MANG00,MANG00.jpg,Mango Slices 44lb,,44,116.60,$2.65,
Dried_Fruits,DATE00041,DATE00041.jpg,Medjo Classic Dates Large 11lb,11 lb,11,40.00,$3.64,
Dried_Fruits,DATE01,DATE00041.jpg,Medjool Dates Jumbo Red Box 11 lb,11 lb,11,54.00,$4.91,
Dried_Fruits,APR0012,APR0012.jpg,ORGANIC Turkish Apricots  /28lb,28 lb,28,133.00,$4.75,
Dried_Fruits,PAP01,PAP01.jpg,Papaya Spears 44lb,,44,80.00,$1.82,
Dried_Fruits,PAP010,PAP01.jpg,Papaya Spears Natural - No Sugar 44lb,,44,185.00,$4.20,
Dried_Fruits,PINE01,PAP01.jpg,Pineapple Rings 44lbs,,44,115.00,$2.61,
Dried_Fruits,PINE010,PAP01.jpg,Pineapple Rings Natural - No Sugar 44lbs,,44,245.00,$5.57,
Dried_Fruits,PINE00,PAP01.jpg,Pineapple Tidbits Thailand 44lb,,44,110.00,$2.50,
Dried_Fruits,PRUNES0101,PRUN0001.jpg,Pitted Prunes 30/40 22lb,,22,62.70,$2.85,
Dried_Fruits,PRUNES010,PRUN0001.jpg,Pitted Prunes 40/50  22lb,,22,64.90,$2.95,
Dried_Fruits,RAI03,RAI01.jpg,South African Golden Raisin 30lb,,30,67.50,$2.25,
Dried_Fruits,APR01,APR01.jpg,Turkish Apricot #1 /28Lbs,28 lb,28,119.00,$4.25,
Dried_Fruits,APR011,APRICOT.jpg,Turkish Apricot #2 /28lb,28 lb,28,98.00,$3.50,
Dried_Fruits,APRICOT0,APRICOT.jpg,Turkish Apricot #3 /28lb,28 lb,28,98.00,$3.50,
Dried_Fruits,APRICOT,APRICOT.jpg,Turkish Apricot #4 /28lb,28 lb,28,98.00,$3.50,
Dried_Fruits,FIG01,,Turkish Figs (Sun dry) 48/8 oz,8 oz,48,46.50,$0.97,
Dried_Fruits,FIGS,,Turkish Natural Figs 22 lb,22 lb,22,70.00,$3.18,
Dried_Fruits,ZER02,,Zereshk Barbari 8.8lbs,,,125.00,#DIV/0!,
Honey,HONE0070,HONE0070.jpg,Gunter's Acacia Honey 12/16 oz,16 oz,12,51.00,$4.25,
Honey,HONE0071,HONE0071.jpg,Gunter's Acacia Honey 12/32 oz,32 oz,12,100.00,$8.33,
Honey,HONE0060,HONE0060.jpg,Gunter's Alfalfa Honey 12/16oz,16 oz,12,45.00,$3.75,
Honey,HONE0061,HONE0061.jpg,Gunter's Alfalfa Honey 12/32 oz,32 oz,12,76.00,$6.33,
Honey,HONE0076,HONE0076.jpg,Gunter's Avocado Honey 12/16oz,16 oz,12,45.00,$3.75,
Honey,HONE0074,HONE0074.jpg,Gunter's Blueberry Honey 12/16oz,16 oz,12,42.00,$3.50,
Honey,HONE0034,HONE0034.jpg,Gunter's Buckwheat Honey 12/16 oz,16 oz,12,45.00,$3.75,
Honey,HONE0035,HONE0035.jpg,Gunter's Buckwheat Honey 12/32 oz,32 oz,12,76.00,$6.33,
Honey,HONE0038,HONE0038.jpg,Gunter's Buckwheat Honey 6/5 lb,5 lb,6,85.00,$14.17,
Honey,HONE0033,HONE0033.jpg,Gunter's Clover Honey 12/16 oz,16 oz,12,44.00,$3.67,
Honey,HONE0036,HONE0036.jpg,Gunter's Clover Honey 12/32 oz,32 oz,12,74.00,$6.17,
Honey,HONE0040,HONE0040.jpg,Gunter's Clover Honey 12/44 oz,44 oz,12,108.00,$9.00,
Honey,HONE00321,HONE00321.jpg,Gunter's Clover Honey 24/8oz,8 oz,24,48.00,$2.00,
Honey,HONE0037,HONE0037.jpg,Gunter's Clover Honey 6/5 lb,5 lb,6,85.00,$14.17,
Honey,HONE0032,HONE0032.jpg,Gunter's Comb Honey 12/16 oz,16 oz,12,84.00,$7.00,
Honey,HONE0030,HONE0030.jpg,Gunter's Comb Honey 12/22 oz,22 oz,12,57.00,$4.75,
Honey,HONE008,HONE008.jpg,Gunter's Creamed Honey 12/16 oz,16 oz,12,60.00,$5.00,
Honey,HONE009,HONE009.jpg,Gunter's Creamed Honey 12/2.5 lb,2.5 lb,12,99.00,$8.25,
Honey,HONE0072,HONE0072.jpg,Gunter's Eucalyptus Honey 12/16oz,16 oz,12,45.00,$3.75,
Honey,HONE0047,HONE0047.jpg,Gunter's Golden Honey 12/16oz,16 oz,12,44.00,$3.67,
Honey,HONE0046,HONE0046.jpg,Gunter's Golden Honey 12/32oz,32 oz,12,74.00,$6.17,
Honey,HONE00373,HONE00373.jpg,Gunter's Golden Honey 6/5 lb,5 lb,6,83.00,$13.83,
Honey,HONE0039,HONE0039.jpg,Gunter's Honey Bears 12/12oz,12 oz,12,33.00,$2.75,
Honey,HONE0044,HONE0044.jpg,Gunter's Orange Blossom Honey 12/16oz,16 oz,12,45.00,$3.75,
Honey,HONE0045,HONE0045.jpg,Gunter's Orange Honey 12/32oz,32 oz,12,76.00,$6.33,
Honey,HONE00372,HONE00372.jpg,Gunter's Orange Honey 6/5 lb,5 lb,6,85.00,$14.17,
Honey,HONE00391,,Gunter's Shipper Honey Bears 48/12oz,12 oz,48,128.00,$2.67,
Honey,HONE00371,HONE00371.jpg,Gunter's Wild Flower Honey 6/5 lb,5 lb,6,85.00,$14.17,
Honey,HONE0050,HONE0050.jpg,Gunter's Wildflower Honey 12/16 oz,16 oz,12,44.00,$3.67,
Honey,HONE0051,HONE0051.jpg,Gunter's Wildflower Honey 12/32 oz,32 oz,12,74.00,$6.17,
Honey,HONE021,,Honey  Cream  12/2.5 lb( HB),2.5 lb,12,120.00,$10.00,
Honey,HONE020,,Honey  Cream Honey 12/16 lb(HB),16 lb,12,69.00,$5.75,
Honey,HONE02,,Honey  Cream Honey 6/5 lb(HB),5 lb,6,105.00,$17.50,
Honey,HONE03,,Honey  SQ. Comb  12/10 oz (HB),10 oz,12,132.00,$11.00,
Honey,HONE051,,Honey Blueberry 12/16 oz (HB),16 oz,12,54.00,$4.50,
Honey,HONE061,,Honey Clover 6/5lb Plastic (HB),5 lb,6,99.00,$16.50,
Honey,HONE05,,Honey Clover12/16 oz (HB),16 oz,12,45.00,$3.75,
Honey,HONE06,,Honey Clover12/32 oz (HB),32 oz,12,80.00,$6.67,
Honey,HONE04,,Honey Comb  12/16 oz (HB),16 oz,12,72.00,$6.00,
Honey,HONE08,,Honey Honey W/Comb  9/38.8 oz (Pyramid),38.8 oz,9,108.00,$12.00,
Honey,HONE07,,Honey SQ. Comb  18/14 oz (Pyramid),14 oz,18,85.50,$4.75,
Honey,HONE09,,Honey w/Comb 12/22 oz (Pyramid),22 oz,12,84.00,$7.00,
Honey,HONE011,,Kayla's ORGANIC Raw Honey 12/16 oz (HB),16 oz,12,61.00,$5.08,
Honey,HONE0109,HONE0109.png,Langnese Acacia Honey  5/13.13oz,13.13 oz,5,37.20,$7.44,
Honey,HONE0105,HONE0105.png,Langnese Country Honey Creamy 10/17.6oz,17.6 oz,10,62.25,$6.23,
Honey,HONE01091,HONE01091.jpg,Langnese Forest Honey  5/13.13oz,13.13 oz,5,37.20,$7.44,
Honey,HONE0103,HONE0103.png,Langnese Summer Flowers Honey10/17.6,17.6 oz,10,62.25,$6.23,
Honey,HONE0102,HONE0102.jpg,Leatherwood Australian Honey 12/17.5oz,17.5 oz,12,111.00,$9.25,
Honey,HONE0007,HONE0007.jpg,McLure's Buckwheat  (squeeze)  Honey 12/16 oz,16 oz,12,57.00,$4.75,
Honey,HONE0001,HONE0001.jpg,McLure's Clover Honey (squeeze)12/16 oz,16 oz,12,57.00,$4.75,
Honey,HONE0002,HONE0002.jpg,McLure's Clover Honey 12/2.5 lb,2.5 lb,12,144.00,$12.00,
Honey,HONE0003,HONE0003.jpg,McLure's Clover Honey 6/5 lb,5 lb,6,140.00,$23.33,
Honey,HONE0020,HONE0020.jpg,McLure's Clover Honey Bears 12/12 oz,12 oz,12,42.00,$3.50,
Honey,HONE0013,HONE0013.jpg,McLure's Cranberry Honey 12/16 oz,16 oz,12,57.00,$4.75,
Honey,HONE0022,HONE0022.jpg,McLure's Cranberry Honey Bears 12/12 oz,12 oz,12,42.00,$3.50,
Honey,HONE0004,HONE0004.jpg,McLure's Creamed Honey 12/16 oz,16 oz,12,64.00,$5.33,
Honey,HONE0005,HONE0005.gif,McLure's Creamed Honey 12/2.5 lb,2.5 lb,12,144.00,$12.00,
Honey,HONE0006,HONE0006.jpg,McLure's Creamed Honey 6/5 lb,5 lb,6,140.00,$23.33,
Honey,HONE0008,HONE0008.jpg,McLure's Orange Blossom (squeeze) Honey 12/16 oz,16 oz,12,57.00,$4.75,
Honey,HONE0011,HONE0011.jpg,McLure's Raspberry Honey 12/16 oz,16 oz,12,57.00,$4.75,
Honey,HONE0010,HONE0010.jpg,McLure's Wildflower (squeeze) Honey 12/16 oz,16 oz,12,57.00,$4.75,
Honey,HON05,HON05.jpg,Moorland Canadian Styl. Honey 12/2.5 lb,2.5 lb,12,148.00,$12.33,
Honey,HON02,HON02.jpg,Moorland Canadian Style Honey 12/16 oz,16 oz,12,64.00,$5.33,
Honey,HONE0026,HONE0026.jpg,Moorland's Honey in the Rough 12/16oz,16 oz,12,86.00,$7.17,
Honey,HONE24,HONE24.jpg,Mountains Alfalfa Honey 12/16oz,16 oz,12,49.00,$4.08,
Honey,HONE22,HONE22.jpg,Mountains Buckwheat Honey 12/16oz,16 oz,12,49.00,$4.08,
Honey,HONE20,HONE20.jpg,Mountains Clover Honey 12/16oz,16 oz,12,45.00,$3.75,
Honey,HONE25,HONE25.jpg,Mountains Golden Honey 12/16oz,16 oz,12,45.00,$3.75,
Honey,HONE21,HONE21.jpg,Mountains Orange Blossom Honey 12/16oz,16 oz,12,49.00,$4.08,
Honey,HONE23,Mountains Wild Flower Honey 12/16o.jpg,Mountains Wild Flower Honey 12/16oz,16 oz,12,45.00,$3.75,
Honey,HON006,HON006.jpg,Shibolet's Clover Honey 12/16 oz,16 oz,12,44.00,$3.67,
Honey,HON007,HON007.jpg,Shibolet's Clover Honey 12/32 oz,32 oz,12,74.00,$6.17,
Honey,HON008,HON008.jpg,Shibolet's Clover Honey 12/44 oz,44 oz,6,105.00,$17.50,
Honey,HON009,HON009.jpg,Shibolet's Clover Honey 6/5 lb,5 lb,12,81.00,$6.75,
Honey,HON80,,Taste of Life Wildflower Honey 12/500gr,500 grm,12,37.50,$3.13,
Honey,HON64,,Top Alfalfa Honey 12/16 oz,16 oz,12,44.00,$3.67,
Honey,HON63,,Top Buckwheat Honey 12/16 oz,16 oz,12,45.00,$3.75,
Honey,HON30,HON30.jpg,Top Clover Honey 12/16 oz,16 oz,12,44.00,$3.67,
Honey,HON35,HON35.jpg,Top Clover Honey 12/32 oz,32 oz,6,74.00,$12.33,
Honey,HON40,HON40.jpg,Top Clover Honey 6/5 lb,5 lb,12,85.00,$7.08,
Honey,HON50,HON50.jpg,Top Creamed Honey 12/16 oz,16 oz,12,60.00,$5.00,
Honey,HON61,,Top Golden Honey 12/16 oz,16 oz,12,44.00,$3.67,
Honey,HON62,,Top Orange Honey 12/16 oz,16 oz,12,45.00,$3.75,
Honey,HON60,,Top Wildflower Honey 12/16 oz,16 oz,12,44.00,$3.67,
Nuts,ALMO0002,ALMO00021.JPG,Almonds  RST/UNS  25lb,25 lb,25,148.75,$5.95,
Nuts,NUT02,NUT02.jpg,Brazilian Nuts 44lb,,44,342.00,$7.77,
Nuts,WALN0,WALN0.jpg,Calbest Walnuts light halves & pieces /25 lb,,25,110.00,$4.40,
Nuts,WALN000,WALN000.jpg,Calbest Walnuts light halves/22lb,,22,110.00,$5.00,
Nuts,ALMO0022,ALMO0022.jpg,California Pistachio RST/S 21-25 25lb,25 lb,25,175.00,$7.00,
Nuts,ALMO00220,ALMO00220.jpg,California Pistachio RST/UNS 21-25 25lb,25 lb,25,175.00,$7.00,
Nuts,CASH052,CASH052.jpg,Cashews  W240  R/NS / 25 lb,25 lb,25,168.75,$6.75,
Nuts,CASH053,CASH053.jpg,Cashews  W240  R/S / 25 lb,25 lb,25,0.00,$0.00,
Nuts,CASH061,CASH061.jpg,Cashews Jumbo Row  LW2/25lb,25 lb,25,175.00,$7.00,
Nuts,CASH02,CASH02.jpg,Cashews Roasted Unsalted 25lb,25 lb,25,175.00,$7.00,
Nuts,WALN0003,WALN000.jpg,Crain Walnuts light halves 95% Red Box 20lb,,20,105.00,$5.25,
Nuts,NUT01,NUT01.jpg,Dry Mix Nuts 25lb,,25,148.50,$5.94,
Nuts,PEC01,,Fancy Pecan Halves 30lb,,30,265.00,$8.83,
Nuts,WALN0004,WALN000.jpg,Grower Direct Walnuts light halves /22 lb,,22,150.70,$6.85,
Nuts,ALM00211,ALM00211.jpg,Raw  Large Hazelnuts 25 lb (13/15),25 lb ,25,181.25,$7.25,
Nuts,ALMO000111,ALMO00011.jpg,Raw Almonds 20-22 25 lb,25 lb,25,162.50,$6.50,
Nuts,ALMO00012,ALMO00011.jpg,Raw Almonds 23-25  50 lb,50 lb,50,230.00,$4.60,
Nuts,ALMO00011,ALMO00011.jpg,Raw Almonds 50 lb,50 lb,50,325.00,$6.50,
Nuts,CASH03,CASH03.jpg,Raw Cashews W240/ 50lb,50 lb,50,256.00,$5.12,
Nuts,ALM00212,Raw Hazelnuts.jpg,Raw Hazelnuts Giant 25lb (OREGON),25 lb ,25,212.50,$8.50,
Nuts,ALM00213,Raw Hazelnuts.jpg,Raw Hazelnuts Turkish Natural 55.12Lb,12 lb ,55.12,358.00,$6.49,
Nuts,ALMO00021,ALMO00021.JPG,Roasted Salted Almonds -25 lb,25 lb,25,156.25,$6.25,
Nuts,PIS22,PIS22.jpg,Turkish Pistachio Roasted Salted 22.05 lb,,22.05,154.00,$6.98,
Nuts,ALMO00232,ALMO00220.jpg,Turkish Pistachio Rosted Salted 22.05 lb,0.5 lb,22.05,154.00,$6.98,
Nuts,ALM00210,,Turkish Raw Hazelnuts 25 lb,25 lb,25,162.50,$6.50,
Oil,OIL0801,OIL0801.jpg,Casa Di Oliva  Extra Virgin Olive Oil 12/25.5 oz(Passover),,12,66.00,$5.50,
Oil,OIL08006,OIL080041.jpg,Casa Di Oliva Avocado Oil 12/17 oz (dark green),,12,69.00,$5.75,
Oil,OIL080041,OIL080041.jpg,Casa Di Oliva Avocado Oil 12/17 oz (Glass),,12,69.00,$5.75,
Oil,OIL11,OIL11.jpg,Casa Di Oliva Extra Virgin Olive Oil 12/34 oz,,12,82.50,$6.88,
Oil,OIL13,OIL13.jpg,Casa Di Oliva Grapeseed Oil GLASS 12/34oz,,12,60.00,$5.00,
Oil,GRA002,GRA002.jpg,Grapola  Grape Seed oil 6/3liter,3 liter,6,75.00,$12.50,
Oil,GRA001,GRA001.jpg,Grapola  Grape Seed oil 8/2liter,2 liter,8,70.00,$8.75,
Oil,GRA00,GRA00.jpg,Grapola Grape Seed Oil 12/1liter,1 liter,12,54.00,$4.50,
Oil,OIL08,OIL08.jpg,Palermo  Extra Virgin Olive Oil 6/1 Liter,,6,41.25,$6.88,
Oil,OIL08004,OIL08004.jpg,Palermo Avocado Oil 12/17 oz(dark green),,12,69.00,$5.75,
Oil,OIL08001,OIL08001.jpg,Palermo Blend Oil 6/34oz (80% Canola 20 % Ex Vg Olive),,6,21.50,$3.58,
Oil,OIL080,OIL080.jpg,Palermo Ext Vrg Olive 12/17 oz(Passover) 500ml,,12,45.00,$3.75,
Oil,OIL08003,OIL08003.jpg,Palermo Extra Virgin Olive Oil 12/25.5 oz(Passover),,12,67.50,$5.63,
Oil,OIL08002,OIL08002.jpg,Palermo Grapeseed Oil (glass) 6/34oz,,6,30.00,$5.00,
Oil,OIL08005,Palermo Olive Oil 80% Sunflower 20% EVOO 4/3 Liter.jpg,Palermo Olive Oil 80% Sunflower 20% EVOO 4/3 Liter,,4,40.00,$10.00,
Osem Items,BIS02,BIS02.jpg,Bissli BBQ 24/2.5 oz,2.5 oz,24,20.40,$0.85,
Osem Items,BIS01,BIS01.jpg,Bissli Falafel 24/2.5 oz,2.5 oz,24,20.40,$0.85,
Osem Items,BIS03,BIS03.jpg,Bissli Onion 24/2.5 oz,2.5 oz,24,20.40,$0.85,
Osem Items,BIS05,BIS05.jpg,Bissli Pizza 24/2.5 oz,2.5 oz,24,20.40,$0.85,
Osem Items,BIS07,BIS07.jpg,Bissli Remix 24/2.5 oz,2.5 oz,24,20.40,$0.85,
Osem Items,BIS04,BIS04.jpg,Bissli Smokey 24/2.5 oz,2.5 oz,24,20.40,$0.85,
Osem Items,BIS06,BIS06.jpg,Bissli Taco 24/2.5 oz,2.5 oz,24,20.40,$0.85,
Osem Items,OSEM011,OSEM011.jpg,Isr.Osem Consomme Chicken Soup 12/400g,,12,66.00,$5.50,
Osem Items,OSEM013,OSEM013.jpg,Isr.Osem Consomme Natural No MSG 6/ 8.8oz,,6,22.50,$3.75,
Osem Items,OSEM02,OSEM02.jpeg,Israeli Osem Soup Beef 12/400 gr,,12,62.00,$5.17,
Osem Items,OSEM04,OSEM04.jpg,Israeli Osem Soup Mushroom 12/400 grKFP,,12,66.00,$5.50,
Osem Items,OSEM06,OSEM06.jpg,Israeli Osem Soup Onions 12/400 gr KFP,,12,66.00,$5.50,
Osem Items,OSEM061,OSEM06.jpg,Israeli Osem Soup Onions(All Natural) 6/220 gr,,6,29.00,$4.83,
Osem Items,OSEM03,OSEM03.jpg,Israeli Osem Soup Vegetable 12/400 gr-KFP,,12,66.00,$5.50,
Osem Items,BAMB01,BAMB01.jpg,Osem Bamba 24/1oz,1 oz,24,18.00,$0.75,
Osem Items,BAMB031,BAMB031.jpg,Osem Bamba Large 12/3.5oz,3.5 oz,12,27.00,$2.25,
Osem Items,CROU06,Osem Med Crouton 8/ 5.25oz.jpg,Osem Caesar Crouton 8/ 5.25oz,5.25 oz,8,15.30,$1.91,
Osem Items,PUD02,PUD02.jpg,Osem Chocolate Pudding 24/3.3oz,,24,17.90,$0.75,
Osem Items,OSEM071,OSEM071.jpg,Osem Consomme Soup in BULK 5/2.2LB,,5,45.00,$9.00,
Osem Items,MAND05,MAND05.jpeg,Osem Crouton soup Mandle 12/14.1 oz,,12,41.50,$3.46,
Osem Items,OSEM23,,Osem Family Vegetable Soup 24/ 3.5 oz,,24,32.40,$1.35,
Osem Items,OSEM274,,Osem Heat & Serve Casseroles Couscous & Vegetables 12/4.9oz,,12,26.40,$2.20,
Osem Items,OSEM275,,Osem Heat & Serve Casseroles Israeli Toasted Couscous & Vegetables 12/4.6oz,,12,26.40,$2.20,
Osem Items,COUS02,COUS02.jpg,Osem Is. Couscous Canister Jar 4/21oz,21 oz,4,23.50,$5.88,
Osem Items,CRUM02,Osem Plain Bread Crumbs 12/15 oz.jpg,Osem Italian Seasoned Bread Crumbs 12/15 oz,15 oz,12,42.00,$3.50,
Osem Items,CROU03,Osem Med Crouton 8/ 5.25oz.jpg,Osem Med Crouton Herbs 8/ 5.25oz,5.25 oz,8,15.30,$1.91,
Osem Items,CROU02,CROU02.jpg,Osem Med Crouton Onion/Garlic 8/ 5.25oz,5.25 oz,8,15.30,$1.91,
Osem Items,CROU04,Osem Med Crouton 8/ 5.25oz.jpg,Osem Med Crouton Paprika/Garlic 8/ 5.25oz,5.25 oz,8,18.00,$2.25,
Osem Items,COUS061,,Osem North African Couscous [BAG] 12/12oz,12 oz,12,19.80,$1.65,
Osem Items,COUS06,,Osem North African Couscous Box 12/12oz,12 oz,12,23.00,$1.92,
Osem Items,CRUM01,CRUM01.jpg,Osem Plain Bread Crumbs 12/15 oz,15 oz,812,40.00,$0.05,
Osem Items,CRUM03,Osem Plain Bread Crumbs 12/15 oz.jpg,Osem Sesame Bread Crumbs 12/15 oz,15 oz,12,46.00,$3.83,
Osem Items,COUS031,COUS031.jpg,Osem Toasted Couscous 12/8.8oz -BOX,8.8 oz,12,26.00,$2.17,
Osem Items,COUS03,COUS03.jpg,"Osem Toasted Couscous 24/8.8oz BAG

 
",8.8 oz,24,29.00,$1.21,
Osem Items,CROU07,CROU07.jpg,Osem Tri-Color Crouton 8/ 5.25oz,5.25 oz,8,15.30,$1.91,
Osem Items,PUD03,PUD03.jpg,Osem Vanilla Pudding 12/2.8oz,,12,17.90,$1.49,
Passover,MATZ03,,Egg Matzot Passover 12/10.5oz,,12,47.40,$3.95,
Passover,MATZ012,MATZ012.jpg,Galil Chocolate Coated Matzot 12/7 oz,,12,36.00,$3.00,
Passover,MATZ013,MATZ013.jpg,Galil Matzah Egg 24/10.5,,24,68.00,$2.83,
Passover,MATZ011,MATZ011.jpg,Galil Pass.Matzas Meal 30/450gr,,30,56.00,$1.87,
Passover,MATZ01,MATZ01.jpg,Galil Pass.Matzot 6/5/16oz,,6,52.00,$8.67,
Passover,MATZ010,,Galil Pass.Whole Wheat Matzot 6/5/16oz,,,56.00,#DIV/0!,
Passover,MATZ04,MATZ04.jpg,Osem Chocolate Coated Matzot 12/7 oz,,12,60.00,$5.00,
Passover,MATZ111,MATZ111.jpg,Osem Matza Ball Mix 12/5oz-PASS,,12,14.00,$1.17,
Passover,MATZ10,MATZ10.jpg,Osem Matza Meal 12/16oz,,12,58.50,$4.88,
Pasta_Rice_Couscous,COUS17,,Casablanca Meal 7 Vegetable Couscous 12/21.2 oz,21.2 oz,12,28.20,$2.35,
Pasta_Rice_Couscous,COUS19,COUS19.jpg,Casablanca Meal Tabouli Couscous 12/21.2 oz,21.2 oz,12,28.20,$2.35,
Pasta_Rice_Couscous,COUS18,COUS18.jpg,Casablanca Meal Vegetable/Olives Couscous 12/21.2 oz,21.2 oz,12,28.20,$2.35,
Pasta_Rice_Couscous,COUS15,COUS15.jpg,Casablanca Mediterranean Couscous 12/8 oz(blue),8 oz,12,21.00,$1.75,
Pasta_Rice_Couscous,COUS10,COUS10.jpg,Casablanca Medium (Plain) Couscous12/12 oz,12 oz,12,21.00,$1.75,
Pasta_Rice_Couscous,COUS14,COUS14.jpg,Casablanca Pilaf & Veg. Couscous12/8 oz,8 oz,12,21.00,$1.75,
Pasta_Rice_Couscous,COUS12,COUS12.jpg,Casablanca R/S Garlic & Olive Oil Couscous12/8oz,8 oz,12,21.00,$1.75,
Pasta_Rice_Couscous,COUS13,COUS13.jpg,Casablanca Spinach & Tomato Couscous 12/8 oz,8 oz,12,21.00,$1.75,
Pasta_Rice_Couscous,COUS16,COUS16.jpg,Casablanca Tabouli (Medit.Salad)Couscous 12/8 oz,8 oz,12,21.00,$1.75,
Pasta_Rice_Couscous,COUS11,COUS11.jpg,Casablanca Whole Wheat Couscous12/12 oz,12 oz,12,21.00,$1.75,
Pasta_Rice_Couscous,AF031,AF031.jpg,Kokaho Rice Yellow 15 lba,15 lb,1,10.50,10.50,
Pasta_Rice_Couscous,AF001,AF001.jpg,Pari Basmati Rice 10 lb,10 lb,1 bag,10.50,10.50,
Pasta_Rice_Couscous,AF01,AF01.jpg,Royal Basmati  White Rice 10 lb,10 lb,1 bag,11.75,11.75,
Pasta_Rice_Couscous,AF0101,AF0101.jpg,Royal Basmati Brown  Rice JAR 4X2 lb,2 lb,4,20.00,5.00,
Pasta_Rice_Couscous,AF0102,AF0102.jpg,Royal Basmati White  Rice JAR 4X2 lb,2 lb,4,20.00,5.00,
Pasta_Rice_Couscous,AF0104,AF0104.jpg,Royal Jasmine Brown  Rice JAR 4X2 lb,2 lb,4,20.00,5.00,
Pasta_Rice_Couscous,AF0103,AF0103.jpg,Royal Jasmine White  Rice JAR 4X2 lb,2 lb,4,20.00,5.00,
Pickles_Peppers,OLIV10,,B.H  Green Manza Large Olives  (15-17)12/19 oz-,,12,28.00,$2.33,
Pickles_Peppers,PICK064,PICK0590.jpg,Babushka Pickles R/L 15-20  6/43oz,,6,17.50,$2.92,
Pickles_Peppers,PICK0590,PICK0590.jpg,Babushka Pickles RL 7-9  12/19oz (BLUE),,12,16.50,$1.38,
Pickles_Peppers,OLIV141,,Bait Hashita Green Pitted Olives 12/19 oz,,12,28.00,$2.33,
Pickles_Peppers,OLIV30,OLIV012.jpg,Black Pitted Olives 2/9 lt,,2,54.00,$27.00,
Pickles_Peppers,OLI013,OLI013.jpg,Black Slice Olives 12/19,,12,28.00,$2.33,
Pickles_Peppers,OLIV131,,Bnei Darom Black Olives 12/19oz,,12,26.00,$2.17,
Pickles_Peppers,EGPL1,EGPL1.jpg,Eggplants 12/19 oz,19 oz,12,21.00,$1.75,
Pickles_Peppers,EGPL21,EGPL21,Eggplants 2/9 lt,9 oz,2,48.00,$24.00,
Pickles_Peppers,GRAPE12,,Fiesta Vine Leaves 6/2kg,2 kg,6,24.00,$4.00,
Pickles_Peppers,OLIV310,,Galil Green pitted Olives  2/9 lt (Extra Large),,2,54.00,$27.00,
Pickles_Peppers,PLUM01,PLUM01.jpg,Georgia Natural Sour Green Plums 12 x 25 oz,,12,33.00,$2.75,
Pickles_Peppers,OLIV02,OLIV02.jpg,Green ManzaniloOlivesLG 12/43 oz,,12,51.00,$4.25,
Pickles_Peppers,PEPPER2,PEPPER.jpg,Hot Green Pepper (Shivka) 2/9 lt.,,2,30.00,$15.00,
Pickles_Peppers,PEPPER,PEPPER.jpg,Hot Green Peppers 12/19oz,,12,21.00,$1.75,
Pickles_Peppers,OLI05,OLI05.jpg,K-YGreen Cracked Olives12/19,,12,28.00,$2.33,
Pickles_Peppers,OLIV301,OLIV301.jpg,K.Y Black Olives Slices 2/9 lt,,2,56.00,$28.00,
Pickles_Peppers,OLIV311,OLIV02.jpg,K.YGreen Olives  2/9 lt,,2,54.00,$27.00,
Pickles_Peppers,OLIV31,OLIV31.jpg,K.YGreen pitted Olives  2/9 lt,,2,54.00,$27.00,
Pickles_Peppers,OLIV336,,K/Y Green Olives Unpitted GLASS 12/320gr,,12,32.00,$2.67,
Pickles_Peppers,OLIV337,,K/Y Green Pitted Olives GLASS 12/320gr,,12,32.00,$2.67,
Pickles_Peppers,PICK0221,PICK0221.jpeg,K/Y Pickles 18-25  12 / 19 OZ,,12,31.20,$2.60,
Pickles_Peppers,OLIV06,OLIV06.jpg,Kvutzat Yavne Black Pitted  Olives 12/19oz,,12,30.00,$2.50,
Pickles_Peppers,OLIV04,OLIV012.jpg,Kvutzat Yavneh Black Olives 12/19,,12,30.00,$2.50,
Pickles_Peppers,OLIV041,OLIV041.jpg,Kvutzat Yavneh Green Pitted Olives 12/19,,12,28.00,$2.33,
Pickles_Peppers,PICK055,PICK0221.jpeg,Kvutzat Yavneh Pickles 30-36 /6/4lb,,6,36.00,$6.00,
Pickles_Peppers,PICK002,PICK0012.jpg,Kvutzat Yavneh Pickles 400-450 2/9 lt,,2,75.00,$37.50,
Pickles_Peppers,PICK0586,PICK0221.jpeg,Kvutzat Yavneh Pickles 7-9 12/19oz+20% Free,,12,17.40,$1.45,
Pickles_Peppers,PICK061,PICK061.jpg,Kvutzat Yavneu Pickles 15-20  6/43 oz,,6,16.50,$2.75,
Pickles_Peppers,OLIV05,OLIV05.jpg,KY Green Unpitted Large Olives Manza 12/19oz,,12,28.00,$2.33,
Pickles_Peppers,PEP35,PEP35.jpeg,Marco Polo Fire Roasted Red Peppers 12/16oz,,12,24.00,$2.00,
Pickles_Peppers,AJV02,AJV02.jpg,Marco Polo Hot Ajvar 12/19oz,19 oz,12,35.00,$2.92,
Pickles_Peppers,AJV01,AJV01.jpg,Marco Polo Mild Ajvar 12/19oz,19 oz,12,35.00,$2.92,
Pickles_Peppers,CHER01,CHER01.jpg,Marco Polo Pitted Sour Cherry Compot 12/24oz,24 oz,12,33.00,$2.75,
Pickles_Peppers,PEP34,PEP34.jpeg,Marco Polo Roasted Red Peppers w/Garlic 12/19oz,,12,25.00,$2.08,
Pickles_Peppers,GRAPE10,,Mid East Grape Leaves 12/16oz,16 oz,12,36.00,$3.00,
Pickles_Peppers,OLIV012,OLIV012.jpg,Motola Black Pitted Olives 12/19oz,,12,28.00,$2.33,
Pickles_Peppers,OLIV32,,Motola Green Olives  2/9 lt,,2,54.00,$27.00,
Pickles_Peppers,OLI011,,Motola Green Slice Olives 2/9,,2,58.00,$29.00,
Pickles_Peppers,PICK021,,Motola Pickles 18-25 12/19 oz,,12,30.00,$2.50,
Pickles_Peppers,PICK0011,,Motola Pickles 401  2/9 lt,,2,56.00,$28.00,
Pickles_Peppers,GRAPE02,GRAPE02.jpg,Orlando Grape Leaves 12/16oz,16 oz,12,54.00,$4.50,
Pickles_Peppers,GRAPE03,Orlando Grape Leaves 12/16oz - KFP.jpg,Orlando Grape Leaves 12/16oz - KFP,16 oz,12,58.00,$4.83,
Pickles_Peppers,GRAPE01,GRAPE01.jpg,Orlando Grape Leaves 12/8oz,8 oz,12,36.00,$3.00,
Pickles_Peppers,OLIV14,OLIV14.jpg,P.V Black Pitted Olives 12/19 oz,,12,20.00,$1.67,
Pickles_Peppers,OLI03,OLI013.jpg,P.V. Green Olives Cracked 12/19oz,,12,28.00,$2.33,
Pickles_Peppers,ART02,ART02.gif,Palermo Marinated Artichoke Glass 12/11oz,11 oz,12,28.00,$2.33,
Pickles_Peppers,PICK0592,,Pri Vajarek  Pickles 7-9 12/19oz,,12,16.20,$1.35,
Pickles_Peppers,PICK0003,,Rezayeh Iranian Pickles 12/750,,12,24.00,$2.00,
Pickles_Peppers,ART011,ART011.jpg,Roland Artichoke Hearts Quartered 12/ 13.75 oz,7.5 oz,13.75,26.00,$1.89,
Pickles_Peppers,MUSH01,Roland Broken Mushrooms 24/15 oz.png,Roland Broken Mushrooms 24/15 oz,,24,23.00,$0.96,
Pickles_Peppers,HEAR01,HEAR01.jpg,Roland Hearts of Palm 24/14oz,14 oz,12,48.00,$4.00,
Pickles_Peppers,LYC01,LYC01.jpg,Roland Lychees 24/ 20 oz,,24,38.00,$1.58,
Pickles_Peppers,MUSH04,MUSH04.jpg,Roland Sliced Mushrooms 24/16 oz,,24,66.00,$2.75,
Pickles_Peppers,CORN01,CORN01.jpg,Roland whole Baby Corn 24/15oz,15 oz,24,20.00,$0.83,
Pickles_Peppers,MUSH03,MUSH03.jpg,Roland Whole Mushrooms 24/16 oz,,24,69.60,$2.90,
Pickles_Peppers,PICK063,PICK0590.jpg,Russian Label Pickles (Babushka) 15-20 6/43 oz(BLUE),,6,17.50,$2.92,
Pickles_Peppers,PICK065,PICK0591.jpg,Russian Label Pickles (Soniya) 15-20 6/43 oz(YELLOW),,6,17.50,$2.92,
Pickles_Peppers,PEPPER21,PEPPER.jpg,Shivka Green Hot Pepper in Glass 6/980 gr,,6,17.00,$2.83,
Pickles_Peppers,PICK0551,,Sonia R.L Pickles 30-36 /6/4lb,,6,36.00,$6.00,
Pickles_Peppers,PICK0591,PICK0591.jpg,Soniya Pickles RL 7-9 12/19oz (YELLOW),,12,16.50,$1.38,
Pickles_Peppers,PICK071,PICK0221.jpeg,Yavne Pickles 13-17  12/19.5 oz,,12,30.00,$2.50,
Pickles_Peppers,PICK0012,PICK0012.jpg,Yavne Pickles 66-80 2/9L,,2,26.00,$13.00,
Preserves-Jams,JAM26,JAM26.jpg,Ararat Apricot Preserves 24/14oz,,24,72.00,$3.00,
Preserves-Jams,JAM08,,Ararat Boisenberry Preserves 12/32oz,,12,48.00,$4.00,
Preserves-Jams,JAM22,JAM22.jpg,Ararat Cornelian Cherry (Kizil) Preserves 24/14oz,,24,72.00,$3.00,
Preserves-Jams,JAM2950,JAM22.jpg,Ararat Cornelian Cherry /Kizil Preserves 12/15oz,,12,36.00,$3.00,
Preserves-Jams,JAM201,JAM201.jpg,Ararat Eggplant Pres 24/16oz,,24,72.00,$3.00,
Preserves-Jams,JAM298,JAM298.jpg,Ararat Figs Preserves 12/15oz,,12,36.00,$3.00,
Preserves-Jams,JAM30,JAM30.jpg,Ararat Pitted Sour Cherry Preserves 12/15oz,,12,56.00,$4.67,
Preserves-Jams,JAM29,JAM29.jpg,Ararat Pumpkin Preserves 24/15oz,,24,72.00,$3.00,
Preserves-Jams,JAM294,JAM294.jpg,Ararat Quince (Iva) Preserve 12/15oz,,12,36.00,$3.00,
Preserves-Jams,JAM296,JAM296.jpg,Ararat Raspberry Preserves 12/15oz,,12,36.00,$3.00,
Preserves-Jams,JAM297,JAM297.jpg,Ararat Strawberry Preserves 12/15oz,,12,36.00,$3.00,
Preserves-Jams,JAM299,JAM299.jpg,Ararat Walnuts Preserves 12/15oz,,12,36.00,$3.00,
Preserves-Jams,JAM292,JAM292.jpg,Ararat White Mulberry (Tut) Preserves 12/15oz,,12,36.00,$3.00,
Preserves-Jams,JAM295,JAM295.jpg,Ararat Yellow Cherry Preserves 12/15oz,,12,36.00,$3.00,
Preserves-Jams,JAM25,JAM25.jpg,Ararat Young Walnut Preserves 24/14oz,,24,72.00,$3.00,
Preserves-Jams,JAM44,JAM44.jpg,Georgia Nat Kizil Cornellian Cherry Preserve 12 x 420g,,12,36.00,$3.00,
Preserves-Jams,JAM40,JAM40.jpg,Georgia Naturals Blueberry Preserve 12 x 420g,,12,36.00,$3.00,
Preserves-Jams,JAM45,JAM45.jpg,Georgia Naturals Figs Preserve 12 x 420g,,12,36.00,$3.00,
Preserves-Jams,JAM41,JAM41.jpg,Georgia Naturals Quince Preserve 12 x 420g,,12,36.00,$3.00,
Preserves-Jams,JAM42,JAM42.jpg,Georgia Naturals Sour Cherry Preserve 12 x 420g,,12,36.00,$3.00,
Preserves-Jams,JAM46,JAM46.jpg,Georgia Naturals Strawberry Preserve 12 x 420g,,12,36.00,$3.00,
Preserves-Jams,JAM43,JAM43.jpg,Georgia Naturals White Cherry Preserve 12 x 420g,,12,36.00,$3.00,
Preserves-Jams,JAM64,,Gesas  Apricat Jam 12/380gr,,12,24.00,$2.00,
Preserves-Jams,JAM60,,Gesas Orange Jam 12/380gr,,12,24.00,$2.00,
Preserves-Jams,JAM62,,Gesas Strawberry Jam 12/380gr,,12,24.00,$2.00,
Preserves-Jams,JAM0061,JAM0061.jpg,Hero Apricot Preserves 8/12 oz,12 oz,8,22.00,$2.75,
Preserves-Jams,JAM0040,JAM0040.jpg,Hero Bitter-Orange Preserves 8/12 oz,12 oz,8,22.00,$2.75,
Preserves-Jams,JAM0011,JAM0011.jpg,Hero Black Cherry Preserves 8/12 oz,12 oz,8,22.00,$2.75,
Preserves-Jams,JAM0031,JAM0031.jpg,Hero Black Currants Preserves 8/12 oz,12 oz,8,22.00,$2.75,
Preserves-Jams,JAM0021,JAM0021.jpg,Hero Blackberry Preserves 8/12 oz,12 oz,8,22.00,$2.75,
Preserves-Jams,JAM0121,JAM0121.jpg,Hero Blueberry Preserves 8/12 oz,,8,22.00,$2.75,
Preserves-Jams,JAM0141,JAM0141.jpg,Hero Forest Berry Preserves 8/12 oz,,8,22.00,$2.75,
Preserves-Jams,JAM0081,JAM0081.jpg,Hero Raspberry Preserves 8/12 oz,12 oz,8,22.00,$2.75,
Preserves-Jams,JAM0161,JAM0161.jpg,Hero Red Cherry Preserves 8/12 oz,,8,22.00,$2.75,
Preserves-Jams,JAM0071,JAM0071.jpg,Hero Red Currant Preserves 8/12 oz,12 oz,8,22.00,$2.75,
Preserves-Jams,JAM0051,JAM0051.jpg,Hero Strawberry Preserves 8/12 oz,12 oz,8,22.00,$2.75,
Preserves-Jams,KAFK08,,Kafkas Figs Preserves 12/15 oz,,12,19.20,$1.60,
Preserves-Jams,KAFK07,KAFK07.jpg,Kafkas Peach Preserves 12/15 oz,,12,24.00,$2.00,
Preserves-Jams,KAFK091,,Kafkas Quince Preserves 12/15 oz,,12,24.00,$2.00,
Preserves-Jams,JAM99,JAM99.jpg,MACKAYS Berries&Cherries Preserves 6/12oz,,6,15.00,$2.50,
Preserves-Jams,JAM94,JAM94.jpg,MACKAYS Blackberry Preserves 6/12oz,,6,15.00,$2.50,
Preserves-Jams,JAM92,JAM92.jpg,MACKAYS Blueberry Blackcurrant Preserves 6/12oz,,6,15.00,$2.50,
Preserves-Jams,JAM98,JAM98.png,MACKAYS Blueberry/ Pome Preserves 6/12oz,,6,15.00,$2.50,
Preserves-Jams,JAM96,JAM96.jpg,MACKAYS Figs Preserves 6/12oz,,6,15.00,$2.50,
Preserves-Jams,JAM90,JAM90.jpg,MACKAYS Ginger Preserves 6/12oz,,6,15.00,$2.50,
Preserves-Jams,SAR01,SAR01.jpg,Sarantis Fig Preserv. 12/16 oz,,12,33.00,$2.75,
Preserves-Jams,SAR02,,Sarantis Quince Preserv. 12/16 OZ,,12,33.00,$2.75,
Preserves-Jams,SAR03,SAR03.jpg,Sarantis Rose Leav.Pr. 12/16 oz,,12,33.00,$2.75,
Salt and Sugar,SALT05,SALT05.jpg,"Lior KitchenSalt Coarse"" 12/1kg""",,12,15.00,$1.25,
Salt and Sugar,SALT04,SALT04.jpg,"Lior Table Salt Fine"" 12/1kg(blue)""",,12,15.00,$1.25,
Salt and Sugar,SALT03,SALT03.jpg,"Lior Table Salt Fine"" 15/500g""",,15,18.00,$1.20,
Salt and Sugar,SALT031,SALT031.jpg,"Lior Table Salt Fine"" 18/250g""",,18,15.00,$0.83,
Salt and Sugar,SALT07,,Oz COARSE Salt 12/1kg bag (green),,12,10.20,$0.85,
Salt and Sugar,SALT23,,Oz COARSE Salt Plastic Jar 20% FREE 12/1.2 kg (green),,12,21.00,$1.75,
Salt and Sugar,SALT13,,Oz COARSE Salt Shaker 12/600gr (green),,12,12.50,$1.04,
Salt and Sugar,SALT22,SALT12.jpg,Oz FINE Salt Plastic Jar 20% FREE 12/1.2 kg (blue),,12,21.00,$1.75,
Salt and Sugar,SALT10,SALT10.jpg,Oz FINE Salt Shaker 12/300gr (blue),,12,10.50,$0.88,
Salt and Sugar,SALT12,SALT12.jpg,Oz FINE Salt Shaker 12/600gr (blue),,12,12.50,$1.04,
Salt and Sugar,SALT06,,Oz Refined EXT. FINE Salt 12/1kg bags (brown),,12,10.20,$0.85,
Salt and Sugar,SUG02,SUG02.jpg,Zarrin Hard sugar cubes 10/500 gr,,10,26.00,$2.60,
Salt and Sugar,SUG021,SUG021.webp,Zarrin Hard sugar cubes 10/500 gr (Nagila),,10,0.00,$0.00,
Soups-Vegeta,VEGE04,VEGE04.jpg,Vegeta Soup 10/1 Kg bags,,10,58.00,$5.80,
Soups-Vegeta,VEGE03,VEGE03.jpg,Vegeta Soup 12/500 gr bags,,12,37.00,$3.08,
Soups-Vegeta,VEGE02,,Vegeta Soup 24/250 gr Blue Tins,,24,51.00,$2.13,
Soups-Vegeta,VEGE01,VEGE01.jpg,Vegeta Soup 24/500 gr Blue Tins,,12,76.00,$6.33,
Soups-Vegeta,VEGE05,VEGE05.jpg,Vegeta Soup 8/2 Kg bags,,8,84.00,$10.50,
Soups-Vegeta,YEL149,YEL149.jpg,Yelli Italian Orzo & Lentil (N-Salt) 6/100gm,,6,10.50,$1.75,
Soups-Vegeta,YEL151,YEL151.jpg,Yelli Peruvian Quinoa & Vegetable (N-Salt) 6/100gm,,6,10.50,$1.75,
Soups-Vegeta,YEL150,YEL150.jpg,Yelli Siberian WildPorcini & WholeGrain (N-Salt) 6/100gm,,6,10.50,$1.75,
Soups-Vegeta,YEL152,YEL152.jpg,Yelli ThaiCongee Jasmine Rice w/Ginger (N-Salt) 6/100gm,,6,10.50,$1.75,
Soups-Vegeta,YEL153,YEL153.jpg,Yelli West Indian Massor Dal RedLentil  (N-Salt) 6/170gm,,6,10.50,$1.75,
Spreads,MILK08,MILK08.jpg,Hashachar Baking Chocolate 12/400 gm,,12,37.50,$3.13,
Spreads,MILK091,MILK091.jpg,Hashachar Milk Choc Spread 24/500gm Passover,,24,61.25,$2.55,
Spreads,MILK09,MILK091.jpg,Hashachar Milk Choclate Spread 24/500 gm,,24,61.25,$2.55,
Spreads,MILK101,MILK10.jpg,Hashachar Parve Choc Spread 24/500gm Passover,,24,61.25,$2.55,
Spreads,MILK10,MILK10.jpg,Hashachar Parve Choclate Spread 24/500 gm,,24,61.25,$2.55,
Spreads,MILK12,MILK12.jpg,Nutella 12/26.5 oz,,12,67.20,$5.60,
Spreads,MILK111,MILK111.jpg,Nutella 15/13 oz,,15,42.00,$2.80,
Spreads,MILK120,MILK120,Nutella Shipper 3 X 15  /13 oz=45 pcs,,45,126.00,$2.80,
Spreads,MILK01,MILK01.gif,Palermo Hazelnut Chocolate Spread 12/12.3 oz,,12,27.00,$2.25,
Spreads,MILK02,MILK02.gif,Palermo Swirl  Hazelnut Chocolate Spread 12/12.3 oz,,12,27.00,$2.25,
Syrup_Compot,SYRU001,,Adriatic Blueberry Syrup 12/32oz,,12,39.00,$3.25,
Syrup_Compot,POME020,POME020.jpg,Baroody Pomegranate Mollases 24/11 oz,,24,52.00,$2.17,
Syrup_Compot,VIN102,VIN102.jpg,Casa Oliva Balsamic Vinegar in Glass 12/17oz,,12,28.00,$2.33,
Syrup_Compot,POME02,POME02.jpg,Cortas Pomegranate Mollases 24/10 oz,,24,56.00,$2.33,
Syrup_Compot,SYRU021,,Golchin Quince Syrup 12x32oz,,12,39.00,$3.25,
Syrup_Compot,VIN02,VIN02.jpg,Golchin Red Vinegar 12/32 oz,,16,15.00,$0.94,
Syrup_Compot,TAH003,,Lior Tahini 12/500gr,,12,38.00,$3.17,
Syrup_Compot,SYR002,SYR002.jpg,Marco Polo Blackcurrant Syrup 12/33oz,,12,41.25,$3.44,
Syrup_Compot,SYR005,,Marco Polo Pomegranate Syrup 12/33.8 fl oz,,12,41.25,$3.44,
Syrup_Compot,SYR003,SYR003.jpg,Marco Polo Raspberry Syrup 12/33oz,,12,41.25,$3.44,
Syrup_Compot,SYR001,SYR001.jpg,Marco Polo Sour Cherry Syrup 12/33oz,,12,44.00,$3.67,
Syrup_Compot,SYR004,,Marco Polo Strawberry Syrup 12/33.8 fl oz,,12,41.25,$3.44,
Syrup_Compot,VIN101,VIN101.jpg,Modena Balsamic Vinegar 16/17 oz,,12,36.00,$3.00,
Syrup_Compot,TAH001,,Tahini 1 Pail /40lb(Shams),,1,94.00,$94.00,
Syrup_Compot,TAM01,TAM01.jpg,Tamicon Tamarind Concentrate 36/16 oz,,36,106.20,$2.95,
Syrup_Compot,SPI05,,Vanilla Extract 24/8oz,,24,16.80,$0.70,
Syrup_Compot,TAM02,,Wet Tamarind 50/14oz,,50,90.00,$1.80,
Teas,AHM0221,AHM0221.jpg,Ahm.Green Tea 6/100gr,100 grm,6,22.00,3.67,KF
Teas,AHM0222,AHM0222.jpg,Ahm.Green Tea Jasmine 6/100gr,100 grm,6,22.00,3.67,KF
Teas,AHM0223,AHM0223.jpg,Ahm.Tea Ceylon 6/100gr,100 grm,6,22.00,3.67,KF
Teas,AHM13,AHM13.jpg,Ahmad Apple Fruit Tea 6/20 tb,20 tb,6,$13.20,$2.20,KF
Teas,AHM024,AHM024.jpg,Ahmad Aromatic EG Tea Tins12/500gr -White,500 grm,12,93.00,7.75,KF
Teas,AHM005,AHM005.jpg,Ahmad Barooti Tea carton 12/16oz,16 oz,12,63.00,5.25,KF
Teas,AHM025,AHM025.jpg,Ahmad Cardamon inTins 12/500g ( Brown),500 grm,12,87.00,7.25,KF
Teas,AHM15,AHM15.jpg,Ahmad Ceylon 6/20tb,20 tb,6,$13.20,$2.20,KF
Teas,AHM001,AHM001.jpg,Ahmad Ceylon Tea carton 24/500 gr,500 gr,24,124.00,5.17,KF
Teas,AHM17,AHM17.jpg,Ahmad Classic Selection 6/20tb,20 tb,6,13.20,$2.20,
Teas,AHM02,AHM02.jpg,Ahmad Earl Grey 12/100 tb,100 tb,10,64.00,6.40,KF
Teas,AHM01,AHM01.jpg,Ahmad Earl Grey 6/20 tb,20 tb,6,13.20,2.20,KF
Teas,AHM0202,AHM0202.jpg,Ahmad Earl Grey Aromatic 24/100 tb,100 tb,24,93.00,3.88,KF
Teas,AHM011,AHM011.jpg,Ahmad Earl Grey Decaf 6/20 tb,20 tb,6,15.00,2.50,KF
Teas,AHM021,AHM021.jpg,Ahmad Earl Grey in tins 12/200grm,200 grm,12,62.00,5.17,KF
Teas,AHM022,AHM022.jpg,Ahmad Earl Grey in tins 6/100grm,100 grm,6,22.00,3.67,KF
Teas,AHM0201,AHM0201.jpg,Ahmad Earl Grey Special Blend 24/100 tb,100 tb,24,88.00,3.67,KF
Teas,AHM04,AHM04.jpg,Ahmad English # 1 24/100 tb,100 tb,24,81.00,3.38,KF
Teas,AHM0220,AHM0220.jpg,Ahmad English #1  6/100gr,100 grm,6,22.00,3.67,KF
Teas,AHM03,AHM03.jpg,Ahmad English #1  6/20 tb,20tb,6,13.20,2.20,KF
Teas,AHM051,AHM051.jpg,Ahmad English Afternoon.tea 6/20 tb,20 tb,6,13.20,2.20,KF
Teas,AHM02200,AHM02200.jpg,Ahmad English Breakfast 6/100gr,100 grm,6,22.00,3.67,KF
Teas,AHM05,AHM05.jpg,Ahmad English Breakfast 6/20 tb,20 tb,6,13.20,2.20,KF
Teas,AHM0205,AHM0205.jpg,Ahmad English Breakfast Tea 12/100 tb,100 tb,12,45.00,3.75,KF
Teas,AHM111,AHM111.jpg,Ahmad Fruit Tea  Vanilla 6/20 tb,20 tb,6,$13.20,$2.20,KF
Teas,AHM06,AHM06.jpg,Ahmad Fruit Tea Apricot 6/20 tb,20 tb,6,$13.20,$2.20,KF
Teas,AHM09,AHM09.jpg,Ahmad Fruit Tea Blackcurrant  6/20 tb,20 tb,6,$13.20,$2.20,KF
Teas,AHM11,AHM11.jpg,Ahmad Fruit Tea Mango Magic 6/20 tb,20 tb,6,$13.20,$2.20,KF
Teas,AHM10,AHM10.jpg,Ahmad Fruit Tea Peach/Passion  6/20 tb,20 tb,6,$13.20,$2.20,KF
Teas,AHM07,AHM07.jpg,Ahmad Fruit Tea Raspberry  6/20 tb,20 tb,6,$13.20,$2.20,KF
Teas,AHM16,AHM16.jpg,Ahmad Fruit Tea Selection 6/20tb,20 tb,6,$13.20,$2.20,KF
Teas,AHM08,AHM08.jpg,Ahmad Fruit Tea Strawberry 6/20 tb,20 tb,6,$13.20,$2.20,KF
Teas,AHM121,AHM121.jpg,Ahmad Green Jasmine Tea 6/20 tb,20 tb,6,$13.20,$2.20,KF
Teas,AHM122,AHM122.jpg,Ahmad Green Lemon Vitality Tea 6/20 tb,20 tb,6,$13.20,$2.20,KF
Teas,AHM0204,AHM0204.jpg,Ahmad Green Tea 12/100 tb,100 tb,12,48.00,4.00,KF
Teas,AHM12,AHM12.jpg,Ahmad Green Tea 6/20 tb,20 tb,6,$13.20,$2.20,KF
Teas,AHM0011,,Ahmad Green Tea W/Earl Grey Tea carton 12/500 gr,500 gr,12,67.00,5.58,KF
Teas,AHM125,AHM125.jpg,Ahmad Green/Selection Tea 6/20tb,20 tb,6,$13.20,$2.20,KF
Teas,AHM002,AHM002.jpg,Ahmad Gunpowder Green Tea carton 12/500gr,500 gr,12,69.00,5.75,KF
Teas,AHM170,AHM170.jpg,Ahmad Herb. Camomi/Lemongras Tea 6/20tb,20 tb,6,13.20,$2.20,
Teas,AHM171,AHM171.jpg,Ahmad Herb. Mixed Berry Tea 6/20tb,20 tb,6,13.20,$2.20,
Teas,AHM172,AHM172.jpg,Ahmad Herb. Mixed Citrus Tea 6/20tb,20 tb,6,13.20,$2.20,
Teas,AHM173,AHM173.jpg,Ahmad Herb. Peppermint/lemon Tea 6/20tb,20 tb,6,13.20,$2.20,
Teas,AHM176,AHM176.jpg,Ahmad Herb. Rosehip/CherryTea 6/20tb,20 tb,6,13.20,$2.20,
Teas,AHM003,AHM003.jpg,Ahmad Imperial Blend Tea carton 12/16oz,16 oz,12,87.00,7.25,KF
Teas,AHM004,AHM004.jpg,Ahmad Kalami Tea carton 12/16oz,16 oz,12,63.00,5.25,KF
Teas,AHM14,AHM14.jpg,Ahmad Lemon/Lime 6/20tb,20 tb,6,$13.20,$2.20,KF
Teas,AHM123,AHM123.jpg,Ahmad Mint Mystique Green Tea 6/20 tb,20 tb,6,$13.20,$2.20,KF
Teas,AHM023,AHM023.jpg,Ahmad Special Blend EG Tins 12/500gr (GREEN),500 grm,12,92.00,7.67,KF
Teas,AHM0203,AHM0203.jpg,Ahmad Tea Cardamon  24/100 tb,100 tb,24,85.50,3.56,KF
Teas,AHM007,AHM007.jpg,Ahmad Tea Jasmine Black carton 12/16oz,16 oz,12,67.50,5.63,KF
Teas,AHM006,AHM006.jpg,"Ahmad Tea OPA Ceylon""  caton Russian Label 24/16oz""",16 oz,24,118.00,4.92,KF
Teas,AKB13,,Akb Gold Ceylon24/ 225gr(Tin),225 grm ,24,96.00,$4.00,
Teas,AKB14,,Akb Gold Ceylon24/ 454gr(Tin),454 grm,24,174.00,$7.25,
Teas,AKB15,,Akb Gold Ceylon24/ 500gr(Tin),500 gram,24,84.00,$3.50,
Teas,AKB12,,Akbar Gold English Breakfast 12/250gr(Tin),50 grm,12,51.00,$4.25,
Teas,AKB03,,Akbar Gold English Breakfast 24/50tb,50 tb,24,48.00,$2.00,
Teas,DIET30,DIET30.jpg,Body Slim Dieter Tea Original 12/30tb,30 tb,12,39.00,$3.25,
Teas,TOM01,TOM01.jpg,Casa Di Oliva Sun Dried Tomatoes in Olive Oil 12/10oz,,12,36.00,$3.00,
Teas,TEA0042,TEA0042.jpg,China Green (ROYAL KING 28506) Tea 40/100tb,,40,100.00,$2.50,
Teas,TEA0040,TEA0040.jpg,China Green Tea ( ROYAL KING 28177) 100/20tb,,100,90.00,$0.90,
Teas,TEA0041,TEA0041.jpg,China Green Tea ( ROYAL KING 28178) 100/20tb (Organic),,100,95.00,$0.95,
Teas,TEA0043,TEA0043.jpg,China Green Tea (ROYAL KING 28502) 40/100tb (Organic),,40,110.00,$2.75,
Teas,TEA0044,,China Instant Ginger Tea 24/20tb,,24,96.00,$4.00,
Teas,DIET03,DIET03.jpg,Dieter's Drink 24/30tb,30 tb,24,72.00,$3.00,
Teas,DIET01,DIET01.jpg,Dieter's Drink 36/12tb,12 tb,36,68.00,$1.89,
Teas,DIET02,DIET02.jpg,Dieter's Drink 36/18tb,18 tb,36,72.00,$2.00,
Teas,DO021,,Do Ghaz Cardamom Flav.Tea 24/454g,454 grm,24,84.00,$3.50,
Teas,DO05,,Do Ghaz Cardamom.bag 36/100tb,100 tb,36,144.00,$4.00,
Teas,DO02,,Do Ghaz Ceylon W/ E.G Pers.Tea 24/454g,454 grm,24,126.00,$5.25,
Teas,DO03,,Do Ghaz Ceylon W/ EG.Tin 10/500g(Black),500 grm,10,85.00,$8.50,
Teas,DO06,,Do Ghaz Green Pers.Tea12/500gr,500 grm,12,63.00,$5.25,
Teas,DO031,,Do Ghaz Pers.Pure CeylonTeaTin10/500g(Red ),500 grm,10,78.00,$7.80,
Teas,DO01,,Do Ghazal (pure Ceylon) PersianTea 24/454gr(Red),454 grm,24,120.00,$5.00,
Teas,TEA00531,,Ever Green China Green Tea 50/300 gr (cylinder tin),,50,125.00,$2.50,
Teas,TEA0053,TEA0053.jpg,Ever-Green China Green Tea 50/300 gr (in tin),,50,125.00,$2.50,
Teas,TEA0020,,Golabi Kalami Tea 36/500 gm,,36,180.00,$5.00,
Teas,TEA0050,TEA0050.jpg,Green Tea in Bulk - Premium 6/150 gr (327),,6,36.00,$6.00,
Teas,TEA00502,TEA00502.jpg,Green Tea in Bulk GUNPOWDER 6/150gr(329),,6,36.00,$6.00,
Teas,TEA00501,TEA00501.jpg,Green Tea in Bulk JASMIN - Premium 6/150 gr(321),,6,36.00,$6.00,
Teas,TEA00503,TEA00503.jpg,Green Tea in Bulk LEMON  6/150gr(323),,6,36.00,$6.00,
Teas,TEA0030,TEA0030.jpg,Gunpowder Tea 160/125gr,,160,125.00,$0.78,
Teas,TEA0033,TEA0033.jpg,Gunpowder Tea 20/1000gr,,20,125.00,$6.25,
Teas,TEA0032,TEA0032.jpg,Gunpowder Tea 40/500gr,,40,125.00,$3.13,
Teas,TEA0031,TEA0031.jpg,Gunpowder Tea 80/250gr,,80,125.00,$1.56,
Teas,HYLE30,HYLE30.jpg,Hyleys Sleep Tea Chamomile 12/25 tb,25 tb,12,30.00,$2.50,
Teas,HYLE32,HYLE32.jpg,Hyleys Sleep Tea Mint 12/25 tb,25 tb,12,30.00,$2.50,
Teas,HYLE40,HYLE40.jpg,Hyleys Wellness Detox Tea 12/25tb,25 tb,12,30.00,$2.50,
Teas,HYLE42,HYLE42.png,Hyleys Wellness Garcinia Cambogia Tea 12/25tb,25 tb,12,30.00,$2.50,
Teas,HYLE43,HYLE43.png,Hyleys Wellness Garcinia Pomegranate&Cambogia Tea 12/25tb,25 tb,12,30.00,$2.50,
Teas,TEA0094,TEA0094.jpg,Mahamud Tea Ceylon Earl Grey 12/250gr,,12,42.00,$3.50,
Teas,TEA0095,TEA0095.jpg,Mahamud Tea Ceylon Earl Grey 12/500gr,,12,60.00,$5.00,
Teas,TEA0023,,Masoud Green Tea 20/600g,,20,145.00,$7.25,
Teas,TEA0022,Masoud Green Tea 40/300g.jpg,Masoud Green Tea 40/300g,,40,150.00,$3.75,
Teas,SHAM03,,Shamyoon Pure Ceylon Tea 12/100 tb,,12,42.00,$3.50,
Teas,SHAM01,,Shamyoon Pure Ceylon Tea 50 tb,,,42.00,#DIV/0!,
Teas,SHAM02,,Shamyoon Pure Ceylon Tea 500gr,,,10.00,#DIV/0!,
Teas,SHAM00,,Shamyoon Pure Ceylon Tea 84/25 tb,,84,42.00,$0.50,
Teas,TEA0051,TEA0051.jpg,Shanghai  (Temple of Heaven) Green Tea 100/25tb,,100,85.00,$0.85,
Teas,SHAR0002,SHAR0002.jpg,Sharzad BLENDED Tea 36/226 gr BOGO,,36,117.00,$3.25,
Teas,SHAR0001,,Sharzad EARL GREY Tea 36/226 gr BOGO (gold),,36,115.00,$3.19,
Teas,SHAR01,SHAR01.jpg,Sharzad Indian Kalami Tea 36/400 gr BUY 1 for $10.00.GET1 FREE,,36,180.00,$5.00,
Teas,HYLE20,HYLE20.jpg,Slim Tea 5 flavors assortment 12/25tb,25 tb,12,30.00,$2.50,
Teas,HYLE14,HYLE14.jpg,Slim Tea Acai Berry 12/25tb,25 tb,12,30.00,$2.50,
Teas,HYLE18,HYLE18.jpg,Slim Tea Blueberry 12/25tb,25 tb,12,30.00,$2.50,
Teas,HYLE16,HYLE16.jpg,Slim Tea Goji Berry 12/25tb,25 tb,12,30.00,$2.50,
Teas,HYLE10,HYLE10.jpg,Slim Tea Pomegranate 12/25tb,25 tb,12,30.00,$2.50,
Teas,HYLE12,HYLE12.jpg,Slim Tea Raspberry 12/25tb,25 tb,12,30.00,$2.50,
Teas,TEA0003,TEA0003.jpg,Super Diet Tea - Cranberry 12/15 tb,,12,36.00,$3.00,
Teas,TEA0011,TEA0011.jpg,Super Diet Tea - Cranberry 24/30tb,,24,108.00,$4.50,
Teas,TEA0002,TEA0002.jpg,Super Diet Tea - Original 12/15 tb,,12,36.00,$3.00,
Teas,TEA0010,TEA0010.jpg,Super Diet Tea - Original 24/30tb,,24,120.00,$5.00,
Teas,TEA0016,TEA0016.jpg,Super Diet Tea Original 24/60tb,,24,228.00,$9.50,
Teas,TEA0018,,Super Diet Tea Peppermint 24/60tb,,24,168.00,$7.00,
Teas,TEEK05,TEEK05.jpg,Teekanne Tea Camomile 10/20tb,,10,20.00,$2.00,
Teas,TEEK01,TEEK01.jpg,Teekanne Tea Earl Grey 10/20tb,,10,20.00,$2.00,
Teas,TEEK08,TEEK08.jpg,Teekanne Tea Fennel 10/20tb,,10,20.00,$2.00,
Teas,TEEK03,TEEK03.jpg,Teekanne Tea Green Classic 10/20tb,,10,20.00,$2.00,
Teas,TEEK02,TEEK02.jpg,Teekanne Tea Linden Flowers 10/20tb,,10,20.00,$2.00,
Teas,TEEK07,TEEK07.jpg,Teekanne Tea Mixed Fruit 10/20tb,,10,20.00,$2.00,
Teas,TEEK06,TEEK06.jpg,Teekanne Tea Peppermint 10/20tb,,10,20.00,$2.00,
Teas,TEEK04,TEEK04.jpg,Teekanne Tea Rosehip 10/20tb,,10,20.00,$2.00,
Teas,TOP04,TOP04.jpg,Top Ceylon Apricot Tea 6/25 tb,,6,7.50,$1.25,
Teas,TOP02,TOP02.jpg,Top Ceylon Black Currant Tea 6/25 tb,,6,7.50,$1.25,
Teas,TOP12,TOP12.jpg,Top Ceylon Decaffinated Green Tea 6/25 tb,,6,7.50,$1.25,
Teas,TOP001,TOP001.jpg,Top Ceylon Earl Grey  Tea 6/25 tb,,6,7.50,$1.25,
Teas,TOP21,,Top Ceylon Fruit Tea Shipper Display 72/25 tb,,72,158.50,$2.20,
Teas,TOP10,,Top Ceylon Green Tea Original  6/25 tb,,6,7.50,$1.25,
Teas,TOP22,,Top Ceylon Green Tea Shipper Display 72/25 tb,,72,158.50,$2.20,
Teas,TOP11,TOP11.jpg,Top Ceylon Jasmin Green Tea 6/25 tb,,6,7.50,$1.25,
Teas,TOP003,TOP003.jpg,Top Ceylon Lemon Tea 6/25 tb,,6,7.50,$1.25,
Teas,TOP004,TOP004.jpg,Top Ceylon Mint Tea 6/25 tb,,6,7.50,$1.25,
Teas,TOP01,,Top Ceylon Raspberry Tea 6/25 tb,,6,7.50,$1.25,
Teas,TOP0002,TOP0002.jpg,Top Tea 24 x 450 gr,,24,156.00,$6.50,
Teas,TOP0001,TOP0001.jpg,Top Tea 36 / 225 gr,,36,126.00,$3.50,
Teas,TWT293,TWT293.jpg,Twinig.08463 Rooibos Orange&Cinnamon Spice 6/ 20tb,,6,13.20,$2.20,
Teas,TWT20,TWT20.jpg,Twining  06338 Pure Camomile  Herbal 6/20tb,,6,13.20,$2.20,
Teas,TWT91,TWT91.jpg,Twining 02077 English Breakfast 12/200grm,,12,95.00,$7.92,
Teas,TWT90,TWT90.jpg,Twining 02078 Earl Grey 12/200grm,,12,95.00,$7.92,
Teas,TWT80,TWT80.jpg,Twining 02082 Earl Grey 12/100 grams,,12,52.00,$4.33,
Teas,TWT81,TWT81.jpg,Twining 02083 English Breakfast 12/100 grams,,12,52.00,$4.33,
Teas,TWT85,TWT85.jpg,Twining 02084 Green Gunpowder 12/100 grams,,12,52.00,$4.33,
Teas,TWT86,TWT86.jpg,Twining 02086 Jasmine Green 12/100 grams,,12,52.00,$4.33,
Teas,TWT83,TWT83.jpg,Twining 02090 Prince of Wales 12/100 grams,,12,52.00,$4.33,
Teas,TWT53,TWT53.jpg,Twining 05304 Lady Grey Decaf. 6/20tb,,6,13.20,$2.20,
Teas,TWT50,TWT50.jpg,Twining 05305 Earl Grey Decaf. 6/20tb,,6,13.20,$2.20,
Teas,TWT52,TWT52.jpg,Twining 05306 Irish Breakfast Decaf. 6/20tb,,6,13.20,$2.20,
Teas,TWT51,TWT51.jpg,Twining 05307 English Breakfast Decaf. 6/20tb,,6,13.20,$2.20,
Teas,TWT06,TWT06.jpg,Twining 05319 Lady Grey Classic 6/20tb,,6,13.20,$2.20,
Teas,TWT05,TWT05.jpg,Twining 05320 Variety Pack Classic 6/20tb,,6,13.20,$2.20,
Teas,TWT10,TWT10.jpg,Twining 05321 Lapsang Souchong Origins 6/20tb,,6,13.20,$2.20,
Teas,TWT11,TWT11.jpg,Twining 05322 Darjeeling Origins 6/20tb,,6,13.20,$2.20,
Teas,TWT04,TWT04.jpg,Twining 05323 Prince of Wales 6/20tb,,6,13.20,$2.20,
Teas,TWT12,TWT12.jpg,Twining 05324 Ceylon Origins Pekoe 6/20tb,,6,13.20,$2.20,
Teas,TWT61,TWT61.jpg,Twining 05331 English Breakfast 6/50tb,,6,27.00,$4.50,
Teas,TWT60,TWT60.jpg,Twining 05333 Earl Grey 6/50tb,,6,27.00,$4.50,
Teas,TWT40,TWT40.jpg,Twining 05405 Green Original 6/20tb,,6,13.20,$2.20,
Teas,TWT42,TWT42.jpg,Twining 05406 Green Jasmine 6/20tb,,6,13.20,$2.20,
Teas,TWT13,TWT13.jpg,Twining 05411 China Oolong Origins 6/20tb,,6,13.20,$2.20,
Teas,TWT41,TWT41.jpg,Twining 05479 Green Decaf. 6/20tb,,6,13.20,$2.20,
Teas,TWT62,TWT62.jpg,Twining 05789 Green 6/50tb,,6,27.00,$4.50,
Teas,TWT16,TWT16.jpg,Twining 06228 Pure White Tea Origins 6/20tb,,6,15.00,$2.50,
Teas,TWT27,TWT27.jpg,"Twining 06322 Honeybush, Mandarin & Orange 6/20tb",,6,13.20,$2.20,
Teas,TWT22,TWT22.jpg,Twining 06337 Peppermint Herbal 6/20tb,,6,13.20,$2.20,
Teas,TWT21,TWT21.jpg,Twining 06340 Lemon & Ginger Herbal 6/20tb,,6,13.20,$2.20,
Teas,TWT75,TWT75.jpg,Twining 06631 English Breakfast (box) 5/100tb,,5,43.00,$8.60,
Teas,TWT74,TWT74.jpg,Twining 06632 Earl Grey (box) 5/100tb,,5,43.00,$8.60,
Teas,TWT45,TWT45.jpg,Twining 07023 Green Lemon 6/20tb,,6,13.20,$2.20,
Teas,TWT46,TWT46.jpg,Twining 07024 Green Mint 6/20tb,,6,13.20,$2.20,
Teas,TWT201,TWT201.jpg,Twining 08461 Camomile Honey & Vanilla 6/20tb,,6,13.20,$2.20,
Teas,TWT28,TWT28.jpg,Twining 08462 Nightly Calm/ Bedtime Herbal 6/20tb,,6,13.20,$2.20,
Teas,TWT292,TWT292.jpg,Twining 08464 WILD BERRIES USA    6/20tb,,6,13.20,$2.20,
Teas,TWT291,TWT291.jpg,Twining 08465 Pomegranate &Raspberry  6/20tb,,6,13.20,$2.20,
Teas,TWT29,TWT29.jpg,Twining 08666  Herbal Variety 6/20tb,,6,13.20,$2.20,
Teas,TWT47,TWT47.jpg,Twining 11354 Green Pom/Ras/Strawberry 6/20tb,,6,13.20,$2.20,
Teas,TWT48,TWT48.jpg,Twining 11358 Green Nightly Calm  6/20tb,,6,13.20,$2.20,
Teas,TWT390,TWT390.jpg,Twining 13539 BLK Jasmine EG 6/20tb,,6,13.20,$2.20,
Teas,TWT370,TWT370.jpg,Twining 13540 BLK Lavender EG 6/20tb,,6,13.20,$2.20,
Teas,TWT320,TWT320.jpg,Twining 13541 BLK Double EG (ExtraBOLD) 6/20tb,,6,13.20,$2.20,
Teas,TWT290,TWT290.jpg,Twining 13720 Herbal ButterMint 6/20tb,,6,13.20,$2.20,
Teas,TWT2914,TWT2914.jpg,Twining 13721 Herbal Lemon(Delight) TRIO 6/20tb,,6,13.20,$2.20,
Teas,TWT2915,TWT2915.jpg,Twining 13722 Herbal SUPER Berry (Fusion) 6/20tb,,6,13.20,$2.20,
Teas,TWT011,Twining 5325 English Breakfast Classic 6/20tb.webp,Twining 5325 English Breakfast Classic 6/20tb,,6,13.20,$2.20,
Teas,TWT01,Twining 5326 Earl Grey Classic 6/20tb.webp,Twining 5326 Earl Grey Classic 6/20tb,,6,13.20,$2.20,
Teas,TWT02,TWT02.jpeg,Twining 5328 Irish Breakfast Classic 6/20tb,,6,13.20,$2.20,
Teas,TWT03,TWT03.jpg,Twining 5330 English Afternoon 6/20tb,,6,13.20,$2.20,
Teas,TWT15,TWT15.jpg,Twining 5421 Pure Rooibos Red Tea 6/20tb,,6,13.20,$2.20,
Teas,TWT143,TWT143.jpg,Twining F07511 Spice Apple Chai  6/20tb,,6,13.20,$2.20,
Teas,TWT141,TWT141.jpg,Twining F07514 Chai  100% natural 6/20tb,,6,13.20,$2.20,
Teas,TWT54,TWT54.jpg,Twining F07515 Chai Decaffeinated  6/20tb,,6,13.20,$2.20,
Teas,TWT142,TWT142.jpg,Twining F07516 Ultra Spice Chai  6/20tb,,6,13.20,$2.20,
Teas,TWT144,TWT144.jpg,Twining F07517 French Vanilla Chai  6/20tb,,6,13.20,$2.20,
Teas,TWT38,TWT38.jpg,Twining F07518 Lemon Twist  Flavored 6/20tb,,6,13.20,$2.20,
Teas,TWT37,TWT37.jpg,Twining F07519 BLK.Pure Mint Flavoured 6/20tb,,6,13.20,$2.20,
Teas,TWT391,TWT391.jpg,Twining F07520 Orange Bliss Flavored 6/20tb,,6,13.20,$2.20,
Teas,TWT392,TWT392.jpg,Twining F07521 Pomegranate Delight Flv 6/20tb,,6,13.20,$2.20,
Teas,TWT39,TWT39.jpg,Twining F07523 Mixed Berry Flavored 6/20tb,,6,13.20,$2.20,
Teas,TWT36,TWT36.jpg,Twining F07524 Blackcurrant Breeze 6/20tb,,6,13.20,$2.20,
Teas,TWIN54,TWIN54.jpg,Twining Irish Breakfast Decaf. 6/20tb,,6,13.20,$2.20,
Teas,WIS162,,Wissotzky Camomile NanaTea 4/6/20tb,,,52.00,#DIV/0!,
Teas,WIS05,,Wissotzky English Breakfast Tea 4/6/25tb,,,46.50,#DIV/0!,
Teas,WIS313,,Wissotzky Green Ginger Lemon Grass  4/6/20tb,,,0.00,#DIV/0!,
Teas,WIS312,,Wissotzky Green Tea Lemon-Honey  4/6/20tb,,,52.00,#DIV/0!,
Teas,WIS311,,Wissotzky Green Tea Spearmint Leaves  4/6/20tb,,,52.00,#DIV/0!,
Teas,WIS193,,Wissotzky Orange B. MandarinTea  4/6/20tb,,,52.00,#DIV/0!,
Teas,WIS081,,Wissotzky Strawberry Burst Tea 4/6/20tb,,,52.00,#DIV/0!,
Teas,WIS01,,Wissoyzky Classic Tea Bags 4/12/25tb,,,52.00,#DIV/0!,
Teas,YOGI04,YOGI04.jpg,Yogi 420043 Calming Tea 6/16tb(USDA Organic),,6,15.00,$2.50,
Teas,YOGI20,YOGI20.jpg,Yogi 420063 Ginger Tea  6/16tb(USDA Organic),,6,15.00,$2.50,
Teas,YOGI17,YOGI17.jpg,Yogi 420067 Soothing Mint Get Regular  6/16tb,,6,15.00,$2.50,
Teas,YOGI28,YOGI28.png,Yogi 420068 Green Muscle Recovery 6/16tb,,6,15.00,$2.50,
Teas,YOGI22,YOGI22.jpg,Yogi 420071Healthy Fasting Tea  6/16tb,,6,15.00,$2.50,
Teas,YOGI76,YOGI76.jpg,Yogi 420091 Green Tea Triple Echinacea  6/16tb,,6,15.00,$2.50,
Teas,YOGI74,YOGI74.jpg,Yogi 420106 Green Tea Super Antioxidant  6/16tb,,6,15.00,$2.50,
Teas,YOGI69,YOGI69.jpg,Yogi 420116 Pure Green Tea 6/16tb,,6,15.00,$2.50,
Teas,YOGI24,YOGI24.jpg,Yogi 420119 Woman's Respberry Leaf 6/16tb,,6,15.00,$2.50,
Teas,YOGI23,YOGI23.jpg,Yogi 420121 Woman's Mother To Be 6/16tb,,6,15.00,$2.50,
Teas,YOGI26,YOGI26.jpg,Yogi 420123 Woman's Nursing Support 6/16tb,,6,15.00,$2.50,
Teas,YOGI81,YOGI81.jpg,Yogi 420125 Comforting Camomile  6/16tb,,6,15.00,$2.50,
Teas,YOGI25,YOGI25.jpg,Yogi 420400 Woman's Moon Cycle 6/16tb,,6,15.00,$2.50,
Teas,YOGI18,YOGI18.jpg,Yogi 420455 Positive Energy 6/16tb,,6,15.00,$2.50,
Teas,YOGI02,YOGI02.jpg,Yogi 420473 Bedtime Tea 6/16tb,,6,15.00,$2.50,
Teas,YOGI12,YOGI12.jpg,Yogi 420475 Herbal DeTox Tea 6/16tb,,6,15.00,$2.50,
Teas,YOGI75,YOGI75.jpg,Yogi 420478 Green Tea Kombucha  6/16tb,,6,15.00,$2.50,
Teas,YOGI05,YOGI05.jpg,Yogi 420499 Egyption Licorice 6/16tb,,6,15.00,$2.50,
Teas,YOGI70,YOGI70.jpg,Yogi 420503 Green Tea Pomegranate  6/16tb,,6,15.00,$2.50,
Teas,YOGI14,YOGI14.jpg,Yogi 420504 Peach DeTox Tea  6/16tb,,6,15.00,$2.50,
Teas,YOGI27,YOGI27.jpg,Yogi 420509 Kava Stress Relief Tea  6/16tb,,6,15.00,$2.50,
Teas,YOGI82,YOGI82.jpg,Yogi 420519 Throat Comfort 6/16tb,,6,15.00,$2.50,
Teas,YOGI19,YOGI19.jpg,Yogi 420531 Breathe Deep 6/16tb,,6,15.00,$2.50,
Teas,YOGI09,YOGI09.jpg,Yogi 420532 Cold Season Tea 6/16tb(USDA Organic),,6,15.00,$2.50,
Teas,YOGI16,YOGI16.jpg,Yogi 420533 Echinacea Immune Support Tea 6/16tb,,6,15.00,$2.50,
Teas,YOGI36,YOGI36.jpg,Yogi 420534 Stomach Ease Tea 6/16tb (USDA Organic),,6,15.00,$2.50,
Teas,YOGI161,YOGI161.jpg,Yogi 420541 Spice Berry Immune Support Tea 6/16tb,,6,15.00,$2.50,
Teas,YOGI21,YOGI21.jpg,Yogi 420545 Lemon Ginger Tea  6/16tb,,6,15.00,$2.50,
Teas,YOGI15,YOGI15.jpg,Yogi 420563 Skin DeTox Tea  6/16tb,,6,15.00,$2.50,
Teas,YOGI10,YOGI10.jpg,Yogi 420567 CinnBerry ProbioticBalance 6/16tb,,6,15.00,$2.50,
Water_Juice_Paste,ROSE011,ROSE011.jpg,Baroody Rose Water 24/11 oz,,24,38.00,$1.58,
Water_Juice_Paste,ROSE02,ROSE02.jpg,Cortas Orange Blossom Water 24/10 oz,,24,39.00,$1.63,
Water_Juice_Paste,ROSE01,ROSE01.jpg,Cortas Rose Water 24/10 oz,,24,40.00,$1.67,
Water_Juice_Paste,POME1,POME1.jpg,Georgia Natural Pomegranate Juice  12 x 1 Liter,,12,33.00,$2.75,
Water_Juice_Paste,POME015,,NIKOO All Naturl 100% Pomeg Juice 24/8oz,,24,45.60,$1.90,
Water_Juice_Paste,POME2,POME2.png,ORGANIC Pomegranate Juice 12 x 1 Liter,,12,48.00,$4.00,
Water_Juice_Paste,POME3,,Palermo Pomegranate Juice  6 x 1 Liter,,6,19.20,$3.20,
Water_Juice_Paste,MANG14,,Pri Gat Strawberry Banana Juice 12/1.5 lt,,12,24.00,$2.00,
Water_Juice_Paste,JUI34,JUI34.jpg,PRINIV Apricot 12/1.5 lt,,12,26.00,$2.17,
Water_Juice_Paste,JUI38,JUI38.jpg,PRINIV Cherry Apple 12/1.5 lt,,12,26.00,$2.17,
Water_Juice_Paste,JUI52,JUI52.jpg,PRINIV Diet Grapefruit 12/1.5 lt,,12,26.00,$2.17,
Water_Juice_Paste,JUI50,JUI50.jpg,PRINIV Diet Mango 12/1.5 lt,,12,26.00,$2.17,
Water_Juice_Paste,JUI51,JUI51.jpg,PRINIV Diet Orange 12/1.5 lt,,12,26.00,$2.17,
Water_Juice_Paste,JUI32,JUI32.jpg,PRINIV Grape 12/1.5 lt,,12,26.00,$2.17,
Water_Juice_Paste,JUI36,JUI36.jpg,PRINIV Grapefruit 12/1.5 lt,,12,26.00,$2.17,
Water_Juice_Paste,JUI31,JUI31.jpg,PRINIV Mango 12/1.5 lt,,12,26.00,$2.17,
Water_Juice_Paste,JUI40,JUI40.jpg,PRINIV Mint/ Nana 12/1.5 lt,,12,26.00,$2.17,
Water_Juice_Paste,JUI35,JUI35.jpg,PRINIV Orange 12/1.5 lt,,12,26.00,$2.17,
Water_Juice_Paste,JUI33,JUI33.jpg,PRINIV Peach 12/1.5 lt,,12,26.00,$2.17,
Water_Juice_Paste,JUI41,JUI41.jpg,PRINIV Pineapple/ Passiflora 12/1.5 lt,,12,26.00,$2.17,
Water_Juice_Paste,JUI39,JUI39.jpg,PRINIV Pomegranate Apple 12/1.5 lt,,12,26.00,$2.17,
Water_Juice_Paste,JUI37,JUI37.jpg,PRINIV Red Grapefruit 12/1.5 lt,,12,26.00,$2.17,
Water_Juice_Paste,JUI30,JUI30.jpg,PRINIV Strawberry Banana 12/1.5 lt,,12,26.00,$2.17,
Water_Juice_Paste,ROSE012,,Sadaf  Rose Water 12/11 oz,,12,32.00,$2.67,
Water_Juice_Paste,GRA01,GRA01.jpg,Shams Sour Grape Juice 12/32 oz,32 oz,12,52.00,$4.33,